<?xml version="1.0" encoding="UTF-8"?>
<export version="D">
  <design>
    <source>D:\kicad\dg_cpl_1\dg_cpl_1.sch</source>
    <date>10/20/2020 10:16:29 AM</date>
    <tool>Eeschema (5.1.6)-1</tool>
    <sheet number="1" name="/" tstamps="/">
      <title_block>
        <title>DG Coupler</title>
        <company/>
        <rev>A</rev>
        <date/>
        <source>dg_cpl_1.sch</source>
        <comment number="1" value=""/>
        <comment number="2" value=""/>
        <comment number="3" value=""/>
        <comment number="4" value=""/>
      </title_block>
    </sheet>
    <sheet number="2" name="/dg_cpl_1_io/" tstamps="/5E3A646A/">
      <title_block>
        <title>DG Coupler</title>
        <company/>
        <rev>A</rev>
        <date/>
        <source>dg_cpl_1_io.sch</source>
        <comment number="1" value=""/>
        <comment number="2" value=""/>
        <comment number="3" value=""/>
        <comment number="4" value=""/>
      </title_block>
    </sheet>
  </design>
  <components>
    <comp ref="C4">
      <value>10nF</value>
      <footprint>Capacitor_SMD:C_0805_2012Metric_Pad1.15x1.40mm_HandSolder</footprint>
      <datasheet>~</datasheet>
      <libsource lib="Device" part="C" description="Unpolarized capacitor"/>
      <sheetpath names="/" tstamps="/"/>
      <tstamp>5D64951D</tstamp>
    </comp>
    <comp ref="C5">
      <value>22nF</value>
      <footprint>Capacitor_SMD:C_0805_2012Metric_Pad1.15x1.40mm_HandSolder</footprint>
      <datasheet>~</datasheet>
      <libsource lib="Device" part="C" description="Unpolarized capacitor"/>
      <sheetpath names="/" tstamps="/"/>
      <tstamp>5D64A824</tstamp>
    </comp>
    <comp ref="R15">
      <value>1K</value>
      <footprint>Resistor_SMD:R_0805_2012Metric_Pad1.15x1.40mm_HandSolder</footprint>
      <datasheet>~</datasheet>
      <libsource lib="Device" part="R_US" description="Resistor, US symbol"/>
      <sheetpath names="/" tstamps="/"/>
      <tstamp>5D6503A4</tstamp>
    </comp>
    <comp ref="R17">
      <value>91K</value>
      <footprint>Resistor_SMD:R_0805_2012Metric_Pad1.15x1.40mm_HandSolder</footprint>
      <datasheet>~</datasheet>
      <libsource lib="Device" part="R_US" description="Resistor, US symbol"/>
      <sheetpath names="/" tstamps="/"/>
      <tstamp>5D6520EB</tstamp>
    </comp>
    <comp ref="R16">
      <value>1.5K</value>
      <footprint>Resistor_SMD:R_0805_2012Metric_Pad1.15x1.40mm_HandSolder</footprint>
      <datasheet>~</datasheet>
      <libsource lib="Device" part="R_US" description="Resistor, US symbol"/>
      <sheetpath names="/" tstamps="/"/>
      <tstamp>5D656403</tstamp>
    </comp>
    <comp ref="U2">
      <value>4066</value>
      <footprint>Package_SO:SOIC-14_3.9x8.7mm_P1.27mm</footprint>
      <datasheet>http://www.ti.com/lit/ds/symlink/cd4066b.pdf</datasheet>
      <libsource lib="4xxx" part="4066" description="Quad Analog Switches"/>
      <sheetpath names="/" tstamps="/"/>
      <tstamp>5D7127D7</tstamp>
    </comp>
    <comp ref="Q1">
      <value>MMBT4124</value>
      <footprint>Package_TO_SOT_SMD:SOT-23</footprint>
      <datasheet>https://www.fairchildsemi.com/datasheets/2N/2N3904.pdf</datasheet>
      <libsource lib="Transistor_BJT" part="MMBT3904" description="0.2A Ic, 40V Vce, Small Signal NPN Transistor, SOT-23"/>
      <sheetpath names="/" tstamps="/"/>
      <tstamp>5D7D2EA7</tstamp>
    </comp>
    <comp ref="R14">
      <value>10K</value>
      <footprint>Resistor_SMD:R_0805_2012Metric_Pad1.15x1.40mm_HandSolder</footprint>
      <datasheet>~</datasheet>
      <libsource lib="Device" part="R_US" description="Resistor, US symbol"/>
      <sheetpath names="/" tstamps="/"/>
      <tstamp>5D7E9D5E</tstamp>
    </comp>
    <comp ref="R34">
      <value>75</value>
      <footprint>Resistor_SMD:R_1206_3216Metric_Pad1.42x1.75mm_HandSolder</footprint>
      <datasheet>~</datasheet>
      <libsource lib="Device" part="R_US" description="Resistor, US symbol"/>
      <sheetpath names="/" tstamps="/"/>
      <tstamp>5D7EBEE0</tstamp>
    </comp>
    <comp ref="R35">
      <value>75</value>
      <footprint>Resistor_SMD:R_1206_3216Metric_Pad1.42x1.75mm_HandSolder</footprint>
      <datasheet>~</datasheet>
      <libsource lib="Device" part="R_US" description="Resistor, US symbol"/>
      <sheetpath names="/" tstamps="/"/>
      <tstamp>5D7ED7CB</tstamp>
    </comp>
    <comp ref="R33">
      <value>75</value>
      <footprint>Resistor_SMD:R_1206_3216Metric_Pad1.42x1.75mm_HandSolder</footprint>
      <datasheet>~</datasheet>
      <libsource lib="Device" part="R_US" description="Resistor, US symbol"/>
      <sheetpath names="/" tstamps="/"/>
      <tstamp>5D7EEB1C</tstamp>
    </comp>
    <comp ref="R32">
      <value>75</value>
      <footprint>Resistor_SMD:R_1206_3216Metric_Pad1.42x1.75mm_HandSolder</footprint>
      <datasheet>~</datasheet>
      <libsource lib="Device" part="R_US" description="Resistor, US symbol"/>
      <sheetpath names="/" tstamps="/"/>
      <tstamp>5D7EFBCE</tstamp>
    </comp>
    <comp ref="R1">
      <value>10K</value>
      <footprint>Resistor_SMD:R_0805_2012Metric_Pad1.15x1.40mm_HandSolder</footprint>
      <datasheet>~</datasheet>
      <libsource lib="Device" part="R_US" description="Resistor, US symbol"/>
      <sheetpath names="/" tstamps="/"/>
      <tstamp>5D853BBB</tstamp>
    </comp>
    <comp ref="R2">
      <value>10K</value>
      <footprint>Resistor_SMD:R_0805_2012Metric_Pad1.15x1.40mm_HandSolder</footprint>
      <datasheet>~</datasheet>
      <libsource lib="Device" part="R_US" description="Resistor, US symbol"/>
      <sheetpath names="/" tstamps="/"/>
      <tstamp>5D856188</tstamp>
    </comp>
    <comp ref="R3">
      <value>10K</value>
      <footprint>Resistor_SMD:R_0805_2012Metric_Pad1.15x1.40mm_HandSolder</footprint>
      <datasheet>~</datasheet>
      <libsource lib="Device" part="R_US" description="Resistor, US symbol"/>
      <sheetpath names="/" tstamps="/"/>
      <tstamp>5D858080</tstamp>
    </comp>
    <comp ref="R4">
      <value>10K</value>
      <footprint>Resistor_SMD:R_0805_2012Metric_Pad1.15x1.40mm_HandSolder</footprint>
      <datasheet>~</datasheet>
      <libsource lib="Device" part="R_US" description="Resistor, US symbol"/>
      <sheetpath names="/" tstamps="/"/>
      <tstamp>5D858FF4</tstamp>
    </comp>
    <comp ref="R6">
      <value>20K</value>
      <footprint>Resistor_SMD:R_0805_2012Metric_Pad1.15x1.40mm_HandSolder</footprint>
      <datasheet>~</datasheet>
      <libsource lib="Device" part="R_US" description="Resistor, US symbol"/>
      <sheetpath names="/" tstamps="/"/>
      <tstamp>5D85A1FF</tstamp>
    </comp>
    <comp ref="R10">
      <value>20K</value>
      <footprint>Resistor_SMD:R_0805_2012Metric_Pad1.15x1.40mm_HandSolder</footprint>
      <datasheet>~</datasheet>
      <libsource lib="Device" part="R_US" description="Resistor, US symbol"/>
      <sheetpath names="/" tstamps="/"/>
      <tstamp>5D8740FA</tstamp>
    </comp>
    <comp ref="C2">
      <value>0.47uF</value>
      <footprint>Capacitor_SMD:C_2220_5650Metric_Pad1.97x5.40mm_HandSolder</footprint>
      <datasheet>~</datasheet>
      <libsource lib="Device" part="C" description="Unpolarized capacitor"/>
      <sheetpath names="/" tstamps="/"/>
      <tstamp>5D875BB6</tstamp>
    </comp>
    <comp ref="R5">
      <value>12K</value>
      <footprint>Resistor_SMD:R_0805_2012Metric_Pad1.15x1.40mm_HandSolder</footprint>
      <datasheet>~</datasheet>
      <libsource lib="Device" part="R_US" description="Resistor, US symbol"/>
      <sheetpath names="/" tstamps="/"/>
      <tstamp>5D879BFC</tstamp>
    </comp>
    <comp ref="R7">
      <value>5.1K</value>
      <footprint>Resistor_SMD:R_0805_2012Metric_Pad1.15x1.40mm_HandSolder</footprint>
      <datasheet>~</datasheet>
      <libsource lib="Device" part="R_US" description="Resistor, US symbol"/>
      <sheetpath names="/" tstamps="/"/>
      <tstamp>5D8240BB</tstamp>
    </comp>
    <comp ref="RV1">
      <value>5K</value>
      <footprint>Potentiometer_THT:Potentiometer_Bourns_3009P_Horizontal</footprint>
      <datasheet>~</datasheet>
      <libsource lib="Device" part="R_POT_US" description="Potentiometer, US symbol"/>
      <sheetpath names="/" tstamps="/"/>
      <tstamp>5D91854C</tstamp>
    </comp>
    <comp ref="R9">
      <value>180K</value>
      <footprint>Resistor_SMD:R_0805_2012Metric_Pad1.15x1.40mm_HandSolder</footprint>
      <datasheet>~</datasheet>
      <libsource lib="Device" part="R_US" description="Resistor, US symbol"/>
      <sheetpath names="/" tstamps="/"/>
      <tstamp>5D92CFDE</tstamp>
    </comp>
    <comp ref="RV2">
      <value>5K</value>
      <footprint>Potentiometer_THT:Potentiometer_Bourns_3009P_Horizontal</footprint>
      <datasheet>~</datasheet>
      <libsource lib="Device" part="R_POT_US" description="Potentiometer, US symbol"/>
      <sheetpath names="/" tstamps="/"/>
      <tstamp>5D99838B</tstamp>
    </comp>
    <comp ref="C1">
      <value>10nF</value>
      <footprint>Capacitor_SMD:C_0805_2012Metric_Pad1.15x1.40mm_HandSolder</footprint>
      <datasheet>~</datasheet>
      <libsource lib="Device" part="C" description="Unpolarized capacitor"/>
      <sheetpath names="/" tstamps="/"/>
      <tstamp>5DA3B162</tstamp>
    </comp>
    <comp ref="R12">
      <value>33K</value>
      <footprint>Resistor_SMD:R_0805_2012Metric_Pad1.15x1.40mm_HandSolder</footprint>
      <datasheet>~</datasheet>
      <libsource lib="Device" part="R_US" description="Resistor, US symbol"/>
      <sheetpath names="/" tstamps="/"/>
      <tstamp>5DA3ECFA</tstamp>
    </comp>
    <comp ref="R19">
      <value>10K</value>
      <footprint>Resistor_SMD:R_0805_2012Metric_Pad1.15x1.40mm_HandSolder</footprint>
      <datasheet>~</datasheet>
      <libsource lib="Device" part="R_US" description="Resistor, US symbol"/>
      <sheetpath names="/" tstamps="/"/>
      <tstamp>5DA52D58</tstamp>
    </comp>
    <comp ref="R8">
      <value>1K</value>
      <footprint>Resistor_SMD:R_0805_2012Metric_Pad1.15x1.40mm_HandSolder</footprint>
      <datasheet>~</datasheet>
      <libsource lib="Device" part="R_US" description="Resistor, US symbol"/>
      <sheetpath names="/" tstamps="/"/>
      <tstamp>5DA56455</tstamp>
    </comp>
    <comp ref="R11">
      <value>180K</value>
      <footprint>Resistor_SMD:R_0805_2012Metric_Pad1.15x1.40mm_HandSolder</footprint>
      <datasheet>~</datasheet>
      <libsource lib="Device" part="R_US" description="Resistor, US symbol"/>
      <sheetpath names="/" tstamps="/"/>
      <tstamp>5DA57D5E</tstamp>
    </comp>
    <comp ref="R18">
      <value>33K</value>
      <footprint>Resistor_SMD:R_0805_2012Metric_Pad1.15x1.40mm_HandSolder</footprint>
      <datasheet>~</datasheet>
      <libsource lib="Device" part="R_US" description="Resistor, US symbol"/>
      <sheetpath names="/" tstamps="/"/>
      <tstamp>5DA80E8C</tstamp>
    </comp>
    <comp ref="RV3">
      <value>5K</value>
      <footprint>Potentiometer_THT:Potentiometer_Bourns_3009P_Horizontal</footprint>
      <datasheet>~</datasheet>
      <libsource lib="Device" part="R_POT_US" description="Potentiometer, US symbol"/>
      <sheetpath names="/" tstamps="/"/>
      <tstamp>5DA8393D</tstamp>
    </comp>
    <comp ref="R22">
      <value>20K</value>
      <footprint>Resistor_SMD:R_0805_2012Metric_Pad1.15x1.40mm_HandSolder</footprint>
      <datasheet>~</datasheet>
      <libsource lib="Device" part="R_US" description="Resistor, US symbol"/>
      <sheetpath names="/" tstamps="/"/>
      <tstamp>5DB86517</tstamp>
    </comp>
    <comp ref="R23">
      <value>20K</value>
      <footprint>Resistor_SMD:R_0805_2012Metric_Pad1.15x1.40mm_HandSolder</footprint>
      <datasheet>~</datasheet>
      <libsource lib="Device" part="R_US" description="Resistor, US symbol"/>
      <sheetpath names="/" tstamps="/"/>
      <tstamp>5DB888B7</tstamp>
    </comp>
    <comp ref="C9">
      <value>0.47uF</value>
      <footprint>Capacitor_SMD:C_2220_5650Metric_Pad1.97x5.40mm_HandSolder</footprint>
      <datasheet>~</datasheet>
      <libsource lib="Device" part="C" description="Unpolarized capacitor"/>
      <sheetpath names="/" tstamps="/"/>
      <tstamp>5DB91A2C</tstamp>
    </comp>
    <comp ref="U7">
      <value>LT1963AEQ</value>
      <footprint>Package_TO_SOT_SMD:TO-263-5_TabPin3</footprint>
      <datasheet>https://www.analog.com/media/en/technical-documentation/data-sheets/1963aff.pdf</datasheet>
      <libsource lib="Regulator_Linear" part="LT1963AEQ" description="1.5A, Adjustable, Low Noise, Linear Voltage Regulator, TO-263-5"/>
      <sheetpath names="/" tstamps="/"/>
      <tstamp>5D89C015</tstamp>
    </comp>
    <comp ref="R13">
      <value>1K</value>
      <footprint>Resistor_SMD:R_0805_2012Metric_Pad1.15x1.40mm_HandSolder</footprint>
      <datasheet>~</datasheet>
      <libsource lib="Device" part="R_US" description="Resistor, US symbol"/>
      <sheetpath names="/" tstamps="/"/>
      <tstamp>5DAA3738</tstamp>
    </comp>
    <comp ref="R21">
      <value>18K</value>
      <footprint>Resistor_SMD:R_0805_2012Metric_Pad1.15x1.40mm_HandSolder</footprint>
      <datasheet>~</datasheet>
      <libsource lib="Device" part="R_US" description="Resistor, US symbol"/>
      <sheetpath names="/" tstamps="/"/>
      <tstamp>5DAE8B95</tstamp>
    </comp>
    <comp ref="R20">
      <value>2.2K</value>
      <footprint>Resistor_SMD:R_0805_2012Metric_Pad1.15x1.40mm_HandSolder</footprint>
      <datasheet>~</datasheet>
      <libsource lib="Device" part="R_US" description="Resistor, US symbol"/>
      <sheetpath names="/" tstamps="/"/>
      <tstamp>5DAEAD7D</tstamp>
    </comp>
    <comp ref="U6">
      <value>LM7322</value>
      <footprint>Package_SO:SOIC-8_3.9x4.9mm_P1.27mm</footprint>
      <datasheet>http://www.ti.com/lit/ds/symlink/lm358.pdf</datasheet>
      <libsource lib="Amplifier_Operational" part="LM2904" description="Dual Operational Amplifiers, DIP-8/SOIC-8/TSSOP-8/VSSOP-8"/>
      <sheetpath names="/" tstamps="/"/>
      <tstamp>5DB4599B</tstamp>
    </comp>
    <comp ref="C14">
      <value>0.47uF</value>
      <footprint>Capacitor_SMD:C_2220_5650Metric_Pad1.97x5.40mm_HandSolder</footprint>
      <datasheet>~</datasheet>
      <libsource lib="Device" part="C" description="Unpolarized capacitor"/>
      <sheetpath names="/" tstamps="/"/>
      <tstamp>5DBBA710</tstamp>
    </comp>
    <comp ref="R24">
      <value>3.3K</value>
      <footprint>Resistor_SMD:R_0805_2012Metric_Pad1.15x1.40mm_HandSolder</footprint>
      <datasheet>~</datasheet>
      <libsource lib="Device" part="R_US" description="Resistor, US symbol"/>
      <sheetpath names="/" tstamps="/"/>
      <tstamp>5DBBC147</tstamp>
    </comp>
    <comp ref="R30">
      <value>3.3K</value>
      <footprint>Resistor_SMD:R_0805_2012Metric_Pad1.15x1.40mm_HandSolder</footprint>
      <datasheet>~</datasheet>
      <libsource lib="Device" part="R_US" description="Resistor, US symbol"/>
      <sheetpath names="/" tstamps="/"/>
      <tstamp>5DBC15B3</tstamp>
    </comp>
    <comp ref="R27">
      <value>20K</value>
      <footprint>Resistor_SMD:R_0805_2012Metric_Pad1.15x1.40mm_HandSolder</footprint>
      <datasheet>~</datasheet>
      <libsource lib="Device" part="R_US" description="Resistor, US symbol"/>
      <sheetpath names="/" tstamps="/"/>
      <tstamp>5DC30745</tstamp>
    </comp>
    <comp ref="R26">
      <value>20K</value>
      <footprint>Resistor_SMD:R_0805_2012Metric_Pad1.15x1.40mm_HandSolder</footprint>
      <datasheet>~</datasheet>
      <libsource lib="Device" part="R_US" description="Resistor, US symbol"/>
      <sheetpath names="/" tstamps="/"/>
      <tstamp>5DC4AB44</tstamp>
    </comp>
    <comp ref="R31">
      <value>10K</value>
      <footprint>Resistor_SMD:R_0805_2012Metric_Pad1.15x1.40mm_HandSolder</footprint>
      <datasheet>~</datasheet>
      <libsource lib="Device" part="R_US" description="Resistor, US symbol"/>
      <sheetpath names="/" tstamps="/"/>
      <tstamp>5DC4C945</tstamp>
    </comp>
    <comp ref="R25">
      <value>4.7K</value>
      <footprint>Resistor_SMD:R_0805_2012Metric_Pad1.15x1.40mm_HandSolder</footprint>
      <datasheet>~</datasheet>
      <libsource lib="Device" part="R_US" description="Resistor, US symbol"/>
      <sheetpath names="/" tstamps="/"/>
      <tstamp>5DEAD5BF</tstamp>
    </comp>
    <comp ref="R29">
      <value>2.7K</value>
      <footprint>Resistor_SMD:R_0805_2012Metric_Pad1.15x1.40mm_HandSolder</footprint>
      <datasheet>~</datasheet>
      <libsource lib="Device" part="R_US" description="Resistor, US symbol"/>
      <sheetpath names="/" tstamps="/"/>
      <tstamp>5DEB1FFD</tstamp>
    </comp>
    <comp ref="R28">
      <value>1K</value>
      <footprint>Resistor_SMD:R_0805_2012Metric_Pad1.15x1.40mm_HandSolder</footprint>
      <datasheet>~</datasheet>
      <libsource lib="Device" part="R_US" description="Resistor, US symbol"/>
      <sheetpath names="/" tstamps="/"/>
      <tstamp>5DEB2007</tstamp>
    </comp>
    <comp ref="C10">
      <value>10uF</value>
      <footprint>Capacitor_Tantalum_SMD:CP_EIA-7343-20_Kemet-V_Pad2.25x2.55mm_HandSolder</footprint>
      <datasheet>~</datasheet>
      <libsource lib="Device" part="CP1" description="Polarized capacitor, US symbol"/>
      <sheetpath names="/" tstamps="/"/>
      <tstamp>5DEF7A09</tstamp>
    </comp>
    <comp ref="C11">
      <value>22uF</value>
      <footprint>Capacitor_Tantalum_SMD:CP_EIA-7343-31_Kemet-D_Pad2.25x2.55mm_HandSolder</footprint>
      <datasheet>~</datasheet>
      <libsource lib="Device" part="CP1" description="Polarized capacitor, US symbol"/>
      <sheetpath names="/" tstamps="/"/>
      <tstamp>5DEFB043</tstamp>
    </comp>
    <comp ref="C19">
      <value>0.047uF</value>
      <footprint>Capacitor_SMD:C_0805_2012Metric_Pad1.15x1.40mm_HandSolder</footprint>
      <datasheet>~</datasheet>
      <libsource lib="Device" part="C" description="Unpolarized capacitor"/>
      <sheetpath names="/" tstamps="/"/>
      <tstamp>5E01C523</tstamp>
    </comp>
    <comp ref="C3">
      <value>0.047uF</value>
      <footprint>Capacitor_SMD:C_0805_2012Metric_Pad1.15x1.40mm_HandSolder</footprint>
      <datasheet>~</datasheet>
      <libsource lib="Device" part="C" description="Unpolarized capacitor"/>
      <sheetpath names="/" tstamps="/"/>
      <tstamp>5E094A1E</tstamp>
    </comp>
    <comp ref="C20">
      <value>0.047uF</value>
      <footprint>Capacitor_SMD:C_0805_2012Metric_Pad1.15x1.40mm_HandSolder</footprint>
      <datasheet>~</datasheet>
      <libsource lib="Device" part="C" description="Unpolarized capacitor"/>
      <sheetpath names="/" tstamps="/"/>
      <tstamp>5E12A3DD</tstamp>
    </comp>
    <comp ref="C6">
      <value>0.047uF</value>
      <footprint>Capacitor_SMD:C_0805_2012Metric_Pad1.15x1.40mm_HandSolder</footprint>
      <datasheet>~</datasheet>
      <libsource lib="Device" part="C" description="Unpolarized capacitor"/>
      <sheetpath names="/" tstamps="/"/>
      <tstamp>5E17B7BC</tstamp>
    </comp>
    <comp ref="C8">
      <value>0.047uF</value>
      <footprint>Capacitor_SMD:C_0805_2012Metric_Pad1.15x1.40mm_HandSolder</footprint>
      <datasheet>~</datasheet>
      <libsource lib="Device" part="C" description="Unpolarized capacitor"/>
      <sheetpath names="/" tstamps="/"/>
      <tstamp>5E216F2B</tstamp>
    </comp>
    <comp ref="U1">
      <value>ADA4177-4</value>
      <footprint>Package_SO:SOIC-14_3.9x8.7mm_P1.27mm</footprint>
      <datasheet>http://www.ti.com/lit/ds/symlink/lm2902-n.pdf</datasheet>
      <libsource lib="Amplifier_Operational" part="LM2902" description="Low-Power, Quad-Operational Amplifiers, DIP-14/SOIC-14/SSOP-14"/>
      <sheetpath names="/" tstamps="/"/>
      <tstamp>5DB8D965</tstamp>
    </comp>
    <comp ref="R36">
      <value>0</value>
      <footprint>Resistor_SMD:R_0805_2012Metric_Pad1.15x1.40mm_HandSolder</footprint>
      <datasheet>~</datasheet>
      <libsource lib="Device" part="R_US" description="Resistor, US symbol"/>
      <sheetpath names="/" tstamps="/"/>
      <tstamp>5DDD77D7</tstamp>
    </comp>
    <comp ref="R39">
      <value>DNI</value>
      <footprint>Resistor_SMD:R_0805_2012Metric_Pad1.15x1.40mm_HandSolder</footprint>
      <datasheet>~</datasheet>
      <libsource lib="Device" part="R_US" description="Resistor, US symbol"/>
      <sheetpath names="/" tstamps="/"/>
      <tstamp>5DE0A855</tstamp>
    </comp>
    <comp ref="R37">
      <value>DNI</value>
      <footprint>Resistor_SMD:R_0805_2012Metric_Pad1.15x1.40mm_HandSolder</footprint>
      <datasheet>~</datasheet>
      <libsource lib="Device" part="R_US" description="Resistor, US symbol"/>
      <sheetpath names="/" tstamps="/"/>
      <tstamp>5DE5E9E8</tstamp>
    </comp>
    <comp ref="R38">
      <value>0</value>
      <footprint>Resistor_SMD:R_0805_2012Metric_Pad1.15x1.40mm_HandSolder</footprint>
      <datasheet>~</datasheet>
      <libsource lib="Device" part="R_US" description="Resistor, US symbol"/>
      <sheetpath names="/" tstamps="/"/>
      <tstamp>5DE6090D</tstamp>
    </comp>
    <comp ref="U3">
      <value>SE555D</value>
      <footprint>Package_SO:SOIC-8_3.9x4.9mm_P1.27mm</footprint>
      <datasheet>http://www.ti.com/lit/ds/symlink/ne555.pdf</datasheet>
      <libsource lib="Timer" part="SE555D" description="Precision Timers, 555 compatible, SOIC-8"/>
      <sheetpath names="/" tstamps="/"/>
      <tstamp>5F37FD1F</tstamp>
    </comp>
    <comp ref="D1">
      <value>LL4148</value>
      <footprint>Diode_SMD:D_MiniMELF_Handsoldering</footprint>
      <datasheet>http://www.vishay.com/docs/85557/ll4148.pdf</datasheet>
      <libsource lib="Diode" part="LL4148" description="100V 0.15A standard switching diode, MiniMELF"/>
      <sheetpath names="/" tstamps="/"/>
      <tstamp>5F3F15DD</tstamp>
    </comp>
    <comp ref="D2">
      <value>LL4148</value>
      <footprint>Diode_SMD:D_MiniMELF_Handsoldering</footprint>
      <datasheet>http://www.vishay.com/docs/85557/ll4148.pdf</datasheet>
      <libsource lib="Diode" part="LL4148" description="100V 0.15A standard switching diode, MiniMELF"/>
      <sheetpath names="/" tstamps="/"/>
      <tstamp>5F3F21CF</tstamp>
    </comp>
    <comp ref="C27">
      <value>0.47uF</value>
      <footprint>Capacitor_SMD:C_2220_5650Metric_Pad1.97x5.40mm_HandSolder</footprint>
      <datasheet>~</datasheet>
      <libsource lib="Device" part="C" description="Unpolarized capacitor"/>
      <sheetpath names="/" tstamps="/"/>
      <tstamp>5FAD1068</tstamp>
    </comp>
    <comp ref="U4">
      <value>ADA4177-1</value>
      <footprint>Package_SO:SOIC-8_3.9x4.9mm_P1.27mm</footprint>
      <datasheet>http://www.ti.com/lit/ds/symlink/lm318-n.pdf</datasheet>
      <libsource lib="Amplifier_Operational" part="LM318M" description="Operational Amplifier, SOIC-8"/>
      <sheetpath names="/" tstamps="/"/>
      <tstamp>5FB353C4</tstamp>
    </comp>
    <comp ref="C28">
      <value>1uF</value>
      <footprint>Capacitor_SMD:C_1206_3216Metric_Pad1.42x1.75mm_HandSolder</footprint>
      <datasheet>~</datasheet>
      <libsource lib="Device" part="C" description="Unpolarized capacitor"/>
      <sheetpath names="/" tstamps="/"/>
      <tstamp>5F912479</tstamp>
    </comp>
    <comp ref="C15">
      <value>390pF</value>
      <footprint>Capacitor_SMD:C_0805_2012Metric_Pad1.15x1.40mm_HandSolder</footprint>
      <datasheet>~</datasheet>
      <libsource lib="Device" part="C" description="Unpolarized capacitor"/>
      <sheetpath names="/dg_cpl_1_io/" tstamps="/5E3A646A/"/>
      <tstamp>5E3F626B</tstamp>
    </comp>
    <comp ref="C16">
      <value>390pF</value>
      <footprint>Capacitor_SMD:C_0805_2012Metric_Pad1.15x1.40mm_HandSolder</footprint>
      <datasheet>~</datasheet>
      <libsource lib="Device" part="C" description="Unpolarized capacitor"/>
      <sheetpath names="/dg_cpl_1_io/" tstamps="/5E3A646A/"/>
      <tstamp>5E3F6271</tstamp>
    </comp>
    <comp ref="C17">
      <value>390pF</value>
      <footprint>Capacitor_SMD:C_0805_2012Metric_Pad1.15x1.40mm_HandSolder</footprint>
      <datasheet>~</datasheet>
      <libsource lib="Device" part="C" description="Unpolarized capacitor"/>
      <sheetpath names="/dg_cpl_1_io/" tstamps="/5E3A646A/"/>
      <tstamp>5E3F6277</tstamp>
    </comp>
    <comp ref="C18">
      <value>390pF</value>
      <footprint>Capacitor_SMD:C_0805_2012Metric_Pad1.15x1.40mm_HandSolder</footprint>
      <datasheet>~</datasheet>
      <libsource lib="Device" part="C" description="Unpolarized capacitor"/>
      <sheetpath names="/dg_cpl_1_io/" tstamps="/5E3A646A/"/>
      <tstamp>5E3F627D</tstamp>
    </comp>
    <comp ref="Q2">
      <value>MMBT4124</value>
      <footprint>Package_TO_SOT_SMD:SOT-23</footprint>
      <datasheet>https://www.fairchildsemi.com/datasheets/2N/2N3904.pdf</datasheet>
      <libsource lib="Transistor_BJT" part="MMBT3904" description="0.2A Ic, 40V Vce, Small Signal NPN Transistor, SOT-23"/>
      <sheetpath names="/dg_cpl_1_io/" tstamps="/5E3A646A/"/>
      <tstamp>5E68F6CA</tstamp>
    </comp>
    <comp ref="U5">
      <value>CPC1019N</value>
      <footprint>Package_SO:SOP-4_3.8x4.1mm_P2.54mm</footprint>
      <datasheet>http://www.ixysic.com/home/pdfs.nsf/www/CPC1017N.pdf/$file/CPC1017N.pdf</datasheet>
      <libsource lib="Relay_SolidState" part="CPC1017N" description="Form A, Solid State Relay (Photo MOSFET) 60V, 0.1A, 16Ohm, SO-4"/>
      <sheetpath names="/dg_cpl_1_io/" tstamps="/5E3A646A/"/>
      <tstamp>5E71D860</tstamp>
    </comp>
    <comp ref="U8">
      <value>CPC1019N</value>
      <footprint>Package_SO:SOP-4_3.8x4.1mm_P2.54mm</footprint>
      <datasheet>http://www.ixysic.com/home/pdfs.nsf/www/CPC1017N.pdf/$file/CPC1017N.pdf</datasheet>
      <libsource lib="Relay_SolidState" part="CPC1017N" description="Form A, Solid State Relay (Photo MOSFET) 60V, 0.1A, 16Ohm, SO-4"/>
      <sheetpath names="/dg_cpl_1_io/" tstamps="/5E3A646A/"/>
      <tstamp>5E728D44</tstamp>
    </comp>
    <comp ref="U9">
      <value>CPC1019N</value>
      <footprint>Package_SO:SOP-4_3.8x4.1mm_P2.54mm</footprint>
      <datasheet>http://www.ixysic.com/home/pdfs.nsf/www/CPC1017N.pdf/$file/CPC1017N.pdf</datasheet>
      <libsource lib="Relay_SolidState" part="CPC1017N" description="Form A, Solid State Relay (Photo MOSFET) 60V, 0.1A, 16Ohm, SO-4"/>
      <sheetpath names="/dg_cpl_1_io/" tstamps="/5E3A646A/"/>
      <tstamp>5E72C472</tstamp>
    </comp>
    <comp ref="U10">
      <value>CPC1019N</value>
      <footprint>Package_SO:SOP-4_3.8x4.1mm_P2.54mm</footprint>
      <datasheet>http://www.ixysic.com/home/pdfs.nsf/www/CPC1017N.pdf/$file/CPC1017N.pdf</datasheet>
      <libsource lib="Relay_SolidState" part="CPC1017N" description="Form A, Solid State Relay (Photo MOSFET) 60V, 0.1A, 16Ohm, SO-4"/>
      <sheetpath names="/dg_cpl_1_io/" tstamps="/5E3A646A/"/>
      <tstamp>5E72EF44</tstamp>
    </comp>
    <comp ref="U11">
      <value>CPC1019N</value>
      <footprint>Package_SO:SOP-4_3.8x4.1mm_P2.54mm</footprint>
      <datasheet>http://www.ixysic.com/home/pdfs.nsf/www/CPC1017N.pdf/$file/CPC1017N.pdf</datasheet>
      <libsource lib="Relay_SolidState" part="CPC1017N" description="Form A, Solid State Relay (Photo MOSFET) 60V, 0.1A, 16Ohm, SO-4"/>
      <sheetpath names="/dg_cpl_1_io/" tstamps="/5E3A646A/"/>
      <tstamp>5E732229</tstamp>
    </comp>
    <comp ref="U12">
      <value>CPC1019N</value>
      <footprint>Package_SO:SOP-4_3.8x4.1mm_P2.54mm</footprint>
      <datasheet>http://www.ixysic.com/home/pdfs.nsf/www/CPC1017N.pdf/$file/CPC1017N.pdf</datasheet>
      <libsource lib="Relay_SolidState" part="CPC1017N" description="Form A, Solid State Relay (Photo MOSFET) 60V, 0.1A, 16Ohm, SO-4"/>
      <sheetpath names="/dg_cpl_1_io/" tstamps="/5E3A646A/"/>
      <tstamp>5E734CEE</tstamp>
    </comp>
    <comp ref="U13">
      <value>CPC1019N</value>
      <footprint>Package_SO:SOP-4_3.8x4.1mm_P2.54mm</footprint>
      <datasheet>http://www.ixysic.com/home/pdfs.nsf/www/CPC1017N.pdf/$file/CPC1017N.pdf</datasheet>
      <libsource lib="Relay_SolidState" part="CPC1017N" description="Form A, Solid State Relay (Photo MOSFET) 60V, 0.1A, 16Ohm, SO-4"/>
      <sheetpath names="/dg_cpl_1_io/" tstamps="/5E3A646A/"/>
      <tstamp>5E73AC7C</tstamp>
    </comp>
    <comp ref="R40">
      <value>1.5K</value>
      <footprint>Resistor_SMD:R_0805_2012Metric_Pad1.15x1.40mm_HandSolder</footprint>
      <datasheet>~</datasheet>
      <libsource lib="Device" part="R_US" description="Resistor, US symbol"/>
      <sheetpath names="/dg_cpl_1_io/" tstamps="/5E3A646A/"/>
      <tstamp>5F3CF7CA</tstamp>
    </comp>
    <comp ref="R41">
      <value>1.5K</value>
      <footprint>Resistor_SMD:R_0805_2012Metric_Pad1.15x1.40mm_HandSolder</footprint>
      <datasheet>~</datasheet>
      <libsource lib="Device" part="R_US" description="Resistor, US symbol"/>
      <sheetpath names="/dg_cpl_1_io/" tstamps="/5E3A646A/"/>
      <tstamp>5F3D252D</tstamp>
    </comp>
    <comp ref="R42">
      <value>1.5K</value>
      <footprint>Resistor_SMD:R_0805_2012Metric_Pad1.15x1.40mm_HandSolder</footprint>
      <datasheet>~</datasheet>
      <libsource lib="Device" part="R_US" description="Resistor, US symbol"/>
      <sheetpath names="/dg_cpl_1_io/" tstamps="/5E3A646A/"/>
      <tstamp>5F3D3D22</tstamp>
    </comp>
    <comp ref="R43">
      <value>1.5K</value>
      <footprint>Resistor_SMD:R_0805_2012Metric_Pad1.15x1.40mm_HandSolder</footprint>
      <datasheet>~</datasheet>
      <libsource lib="Device" part="R_US" description="Resistor, US symbol"/>
      <sheetpath names="/dg_cpl_1_io/" tstamps="/5E3A646A/"/>
      <tstamp>5F3D4E81</tstamp>
    </comp>
    <comp ref="R44">
      <value>1.5K</value>
      <footprint>Resistor_SMD:R_0805_2012Metric_Pad1.15x1.40mm_HandSolder</footprint>
      <datasheet>~</datasheet>
      <libsource lib="Device" part="R_US" description="Resistor, US symbol"/>
      <sheetpath names="/dg_cpl_1_io/" tstamps="/5E3A646A/"/>
      <tstamp>5F3D6600</tstamp>
    </comp>
    <comp ref="R45">
      <value>1.5K</value>
      <footprint>Resistor_SMD:R_0805_2012Metric_Pad1.15x1.40mm_HandSolder</footprint>
      <datasheet>~</datasheet>
      <libsource lib="Device" part="R_US" description="Resistor, US symbol"/>
      <sheetpath names="/dg_cpl_1_io/" tstamps="/5E3A646A/"/>
      <tstamp>5F3D7D01</tstamp>
    </comp>
    <comp ref="R46">
      <value>1.5K</value>
      <footprint>Resistor_SMD:R_0805_2012Metric_Pad1.15x1.40mm_HandSolder</footprint>
      <datasheet>~</datasheet>
      <libsource lib="Device" part="R_US" description="Resistor, US symbol"/>
      <sheetpath names="/dg_cpl_1_io/" tstamps="/5E3A646A/"/>
      <tstamp>5F3D8B7F</tstamp>
    </comp>
    <comp ref="R47">
      <value>5.1K</value>
      <footprint>Resistor_SMD:R_0805_2012Metric_Pad1.15x1.40mm_HandSolder</footprint>
      <datasheet>~</datasheet>
      <libsource lib="Device" part="R_US" description="Resistor, US symbol"/>
      <sheetpath names="/dg_cpl_1_io/" tstamps="/5E3A646A/"/>
      <tstamp>5F3F2664</tstamp>
    </comp>
    <comp ref="Q3">
      <value>MMBT4124</value>
      <footprint>Package_TO_SOT_SMD:SOT-23</footprint>
      <datasheet>https://www.fairchildsemi.com/datasheets/2N/2N3904.pdf</datasheet>
      <libsource lib="Transistor_BJT" part="MMBT3904" description="0.2A Ic, 40V Vce, Small Signal NPN Transistor, SOT-23"/>
      <sheetpath names="/dg_cpl_1_io/" tstamps="/5E3A646A/"/>
      <tstamp>5F3F747E</tstamp>
    </comp>
    <comp ref="Q4">
      <value>MMBT4124</value>
      <footprint>Package_TO_SOT_SMD:SOT-23</footprint>
      <datasheet>https://www.fairchildsemi.com/datasheets/2N/2N3904.pdf</datasheet>
      <libsource lib="Transistor_BJT" part="MMBT3904" description="0.2A Ic, 40V Vce, Small Signal NPN Transistor, SOT-23"/>
      <sheetpath names="/dg_cpl_1_io/" tstamps="/5E3A646A/"/>
      <tstamp>5F3FA4B8</tstamp>
    </comp>
    <comp ref="R49">
      <value>10K</value>
      <footprint>Resistor_SMD:R_0805_2012Metric_Pad1.15x1.40mm_HandSolder</footprint>
      <datasheet>~</datasheet>
      <libsource lib="Device" part="R_US" description="Resistor, US symbol"/>
      <sheetpath names="/dg_cpl_1_io/" tstamps="/5E3A646A/"/>
      <tstamp>5F416E08</tstamp>
    </comp>
    <comp ref="R52">
      <value>3.3K</value>
      <footprint>Resistor_SMD:R_0805_2012Metric_Pad1.15x1.40mm_HandSolder</footprint>
      <datasheet>~</datasheet>
      <libsource lib="Device" part="R_US" description="Resistor, US symbol"/>
      <sheetpath names="/dg_cpl_1_io/" tstamps="/5E3A646A/"/>
      <tstamp>5F4400C9</tstamp>
    </comp>
    <comp ref="Q6">
      <value>MMBT4124</value>
      <footprint>Package_TO_SOT_SMD:SOT-23</footprint>
      <datasheet>https://www.fairchildsemi.com/datasheets/2N/2N3904.pdf</datasheet>
      <libsource lib="Transistor_BJT" part="MMBT3904" description="0.2A Ic, 40V Vce, Small Signal NPN Transistor, SOT-23"/>
      <sheetpath names="/dg_cpl_1_io/" tstamps="/5E3A646A/"/>
      <tstamp>5F4400D3</tstamp>
    </comp>
    <comp ref="Q7">
      <value>MMBT4124</value>
      <footprint>Package_TO_SOT_SMD:SOT-23</footprint>
      <datasheet>https://www.fairchildsemi.com/datasheets/2N/2N3904.pdf</datasheet>
      <libsource lib="Transistor_BJT" part="MMBT3904" description="0.2A Ic, 40V Vce, Small Signal NPN Transistor, SOT-23"/>
      <sheetpath names="/dg_cpl_1_io/" tstamps="/5E3A646A/"/>
      <tstamp>5F4400E8</tstamp>
    </comp>
    <comp ref="R54">
      <value>10K</value>
      <footprint>Resistor_SMD:R_0805_2012Metric_Pad1.15x1.40mm_HandSolder</footprint>
      <datasheet>~</datasheet>
      <libsource lib="Device" part="R_US" description="Resistor, US symbol"/>
      <sheetpath names="/dg_cpl_1_io/" tstamps="/5E3A646A/"/>
      <tstamp>5F4400FE</tstamp>
    </comp>
    <comp ref="R48">
      <value>20K</value>
      <footprint>Resistor_SMD:R_0805_2012Metric_Pad1.15x1.40mm_HandSolder</footprint>
      <datasheet>~</datasheet>
      <libsource lib="Device" part="R_US" description="Resistor, US symbol"/>
      <sheetpath names="/dg_cpl_1_io/" tstamps="/5E3A646A/"/>
      <tstamp>5F49AA91</tstamp>
    </comp>
    <comp ref="R53">
      <value>20K</value>
      <footprint>Resistor_SMD:R_0805_2012Metric_Pad1.15x1.40mm_HandSolder</footprint>
      <datasheet>~</datasheet>
      <libsource lib="Device" part="R_US" description="Resistor, US symbol"/>
      <sheetpath names="/dg_cpl_1_io/" tstamps="/5E3A646A/"/>
      <tstamp>5F4A1E1C</tstamp>
    </comp>
    <comp ref="R51">
      <value>5.1K</value>
      <footprint>Resistor_SMD:R_0805_2012Metric_Pad1.15x1.40mm_HandSolder</footprint>
      <datasheet>~</datasheet>
      <libsource lib="Device" part="R_US" description="Resistor, US symbol"/>
      <sheetpath names="/dg_cpl_1_io/" tstamps="/5E3A646A/"/>
      <tstamp>5F53D149</tstamp>
    </comp>
    <comp ref="Q8">
      <value>MMBT4124</value>
      <footprint>Package_TO_SOT_SMD:SOT-23</footprint>
      <datasheet>https://www.fairchildsemi.com/datasheets/2N/2N3904.pdf</datasheet>
      <libsource lib="Transistor_BJT" part="MMBT3904" description="0.2A Ic, 40V Vce, Small Signal NPN Transistor, SOT-23"/>
      <sheetpath names="/dg_cpl_1_io/" tstamps="/5E3A646A/"/>
      <tstamp>5F62F0AF</tstamp>
    </comp>
    <comp ref="R55">
      <value>10K</value>
      <footprint>Resistor_SMD:R_0805_2012Metric_Pad1.15x1.40mm_HandSolder</footprint>
      <datasheet>~</datasheet>
      <libsource lib="Device" part="R_US" description="Resistor, US symbol"/>
      <sheetpath names="/dg_cpl_1_io/" tstamps="/5E3A646A/"/>
      <tstamp>5F64B9B2</tstamp>
    </comp>
    <comp ref="Q9">
      <value>MMBT4124</value>
      <footprint>Package_TO_SOT_SMD:SOT-23</footprint>
      <datasheet>https://www.fairchildsemi.com/datasheets/2N/2N3904.pdf</datasheet>
      <libsource lib="Transistor_BJT" part="MMBT3904" description="0.2A Ic, 40V Vce, Small Signal NPN Transistor, SOT-23"/>
      <sheetpath names="/dg_cpl_1_io/" tstamps="/5E3A646A/"/>
      <tstamp>5F66BA18</tstamp>
    </comp>
    <comp ref="R56">
      <value>10K</value>
      <footprint>Resistor_SMD:R_0805_2012Metric_Pad1.15x1.40mm_HandSolder</footprint>
      <datasheet>~</datasheet>
      <libsource lib="Device" part="R_US" description="Resistor, US symbol"/>
      <sheetpath names="/dg_cpl_1_io/" tstamps="/5E3A646A/"/>
      <tstamp>5F676656</tstamp>
    </comp>
    <comp ref="Q5">
      <value>MMBT4124</value>
      <footprint>Package_TO_SOT_SMD:SOT-23</footprint>
      <datasheet>https://www.fairchildsemi.com/datasheets/2N/2N3904.pdf</datasheet>
      <libsource lib="Transistor_BJT" part="MMBT3904" description="0.2A Ic, 40V Vce, Small Signal NPN Transistor, SOT-23"/>
      <sheetpath names="/dg_cpl_1_io/" tstamps="/5E3A646A/"/>
      <tstamp>5F6E3DB8</tstamp>
    </comp>
    <comp ref="R50">
      <value>10K</value>
      <footprint>Resistor_SMD:R_0805_2012Metric_Pad1.15x1.40mm_HandSolder</footprint>
      <datasheet>~</datasheet>
      <libsource lib="Device" part="R_US" description="Resistor, US symbol"/>
      <sheetpath names="/dg_cpl_1_io/" tstamps="/5E3A646A/"/>
      <tstamp>5F6F6524</tstamp>
    </comp>
    <comp ref="CR10">
      <value>SMAJ10A</value>
      <footprint>Diode_SMD:D_SMA_Handsoldering</footprint>
      <libsource lib="2020-08-15_01-10-35" part="SMAJ10A" description=""/>
      <sheetpath names="/dg_cpl_1_io/" tstamps="/5E3A646A/"/>
      <tstamp>5F3BB19B</tstamp>
    </comp>
    <comp ref="CR12">
      <value>SMAJ10A</value>
      <footprint>Diode_SMD:D_SMA_Handsoldering</footprint>
      <libsource lib="2020-08-15_01-10-35" part="SMAJ10A" description=""/>
      <sheetpath names="/dg_cpl_1_io/" tstamps="/5E3A646A/"/>
      <tstamp>5F3CE857</tstamp>
    </comp>
    <comp ref="CR1">
      <value>SMAJ24CA</value>
      <footprint>Diode_SMD:D_SMA_Handsoldering</footprint>
      <libsource lib="2020-08-15_21-49-02" part="SMAJ24CA" description=""/>
      <sheetpath names="/dg_cpl_1_io/" tstamps="/5E3A646A/"/>
      <tstamp>5F3A92F9</tstamp>
    </comp>
    <comp ref="C24">
      <value>390pF</value>
      <footprint>Capacitor_SMD:C_0805_2012Metric_Pad1.15x1.40mm_HandSolder</footprint>
      <datasheet>~</datasheet>
      <libsource lib="Device" part="C" description="Unpolarized capacitor"/>
      <sheetpath names="/dg_cpl_1_io/" tstamps="/5E3A646A/"/>
      <tstamp>5F41A2AF</tstamp>
    </comp>
    <comp ref="C26">
      <value>390pF</value>
      <footprint>Capacitor_SMD:C_0805_2012Metric_Pad1.15x1.40mm_HandSolder</footprint>
      <datasheet>~</datasheet>
      <libsource lib="Device" part="C" description="Unpolarized capacitor"/>
      <sheetpath names="/dg_cpl_1_io/" tstamps="/5E3A646A/"/>
      <tstamp>5F424B5C</tstamp>
    </comp>
    <comp ref="CR11">
      <value>SMAJ10A</value>
      <footprint>Diode_SMD:D_SMA_Handsoldering</footprint>
      <libsource lib="2020-08-15_01-10-35" part="SMAJ10A" description=""/>
      <sheetpath names="/dg_cpl_1_io/" tstamps="/5E3A646A/"/>
      <tstamp>5F481C8C</tstamp>
    </comp>
    <comp ref="C25">
      <value>390pF</value>
      <footprint>Capacitor_SMD:C_0805_2012Metric_Pad1.15x1.40mm_HandSolder</footprint>
      <datasheet>~</datasheet>
      <libsource lib="Device" part="C" description="Unpolarized capacitor"/>
      <sheetpath names="/dg_cpl_1_io/" tstamps="/5E3A646A/"/>
      <tstamp>5F481CA1</tstamp>
    </comp>
    <comp ref="CR8">
      <value>SMAJ10A</value>
      <footprint>Diode_SMD:D_SMA_Handsoldering</footprint>
      <libsource lib="2020-08-15_01-10-35" part="SMAJ10A" description=""/>
      <sheetpath names="/dg_cpl_1_io/" tstamps="/5E3A646A/"/>
      <tstamp>5F4B395F</tstamp>
    </comp>
    <comp ref="CR2">
      <value>SMAJ24CA</value>
      <footprint>Diode_SMD:D_SMA_Handsoldering</footprint>
      <libsource lib="2020-08-15_21-49-02" part="SMAJ24CA" description=""/>
      <sheetpath names="/dg_cpl_1_io/" tstamps="/5E3A646A/"/>
      <tstamp>5F4D2687</tstamp>
    </comp>
    <comp ref="CR3">
      <value>SMAJ24CA</value>
      <footprint>Diode_SMD:D_SMA_Handsoldering</footprint>
      <libsource lib="2020-08-15_21-49-02" part="SMAJ24CA" description=""/>
      <sheetpath names="/dg_cpl_1_io/" tstamps="/5E3A646A/"/>
      <tstamp>5F4DD399</tstamp>
    </comp>
    <comp ref="C22">
      <value>390pF</value>
      <footprint>Capacitor_SMD:C_0805_2012Metric_Pad1.15x1.40mm_HandSolder</footprint>
      <datasheet>~</datasheet>
      <libsource lib="Device" part="C" description="Unpolarized capacitor"/>
      <sheetpath names="/dg_cpl_1_io/" tstamps="/5E3A646A/"/>
      <tstamp>5F56885E</tstamp>
    </comp>
    <comp ref="CR9">
      <value>SMAJ10A</value>
      <footprint>Diode_SMD:D_SMA_Handsoldering</footprint>
      <libsource lib="2020-08-15_01-10-35" part="SMAJ10A" description=""/>
      <sheetpath names="/dg_cpl_1_io/" tstamps="/5E3A646A/"/>
      <tstamp>5F58953B</tstamp>
    </comp>
    <comp ref="CR6">
      <value>SMAJ10A</value>
      <footprint>Diode_SMD:D_SMA_Handsoldering</footprint>
      <libsource lib="2020-08-15_01-10-35" part="SMAJ10A" description=""/>
      <sheetpath names="/dg_cpl_1_io/" tstamps="/5E3A646A/"/>
      <tstamp>5F5AC596</tstamp>
    </comp>
    <comp ref="CR7">
      <value>SMAJ10A</value>
      <footprint>Diode_SMD:D_SMA_Handsoldering</footprint>
      <libsource lib="2020-08-15_01-10-35" part="SMAJ10A" description=""/>
      <sheetpath names="/dg_cpl_1_io/" tstamps="/5E3A646A/"/>
      <tstamp>5F5AC5AB</tstamp>
    </comp>
    <comp ref="CR4">
      <value>SMAJ10A</value>
      <footprint>Diode_SMD:D_SMA_Handsoldering</footprint>
      <libsource lib="2020-08-15_01-10-35" part="SMAJ10A" description=""/>
      <sheetpath names="/dg_cpl_1_io/" tstamps="/5E3A646A/"/>
      <tstamp>5F5BC0A7</tstamp>
    </comp>
    <comp ref="CR5">
      <value>SMAJ10A</value>
      <footprint>Diode_SMD:D_SMA_Handsoldering</footprint>
      <libsource lib="2020-08-15_01-10-35" part="SMAJ10A" description=""/>
      <sheetpath names="/dg_cpl_1_io/" tstamps="/5E3A646A/"/>
      <tstamp>5F5BC0BC</tstamp>
    </comp>
    <comp ref="C23">
      <value>390pF</value>
      <footprint>Capacitor_SMD:C_0805_2012Metric_Pad1.15x1.40mm_HandSolder</footprint>
      <datasheet>~</datasheet>
      <libsource lib="Device" part="C" description="Unpolarized capacitor"/>
      <sheetpath names="/dg_cpl_1_io/" tstamps="/5E3A646A/"/>
      <tstamp>5F5D9BF9</tstamp>
    </comp>
    <comp ref="C13">
      <value>390pF</value>
      <footprint>Capacitor_SMD:C_0805_2012Metric_Pad1.15x1.40mm_HandSolder</footprint>
      <datasheet>~</datasheet>
      <libsource lib="Device" part="C" description="Unpolarized capacitor"/>
      <sheetpath names="/dg_cpl_1_io/" tstamps="/5E3A646A/"/>
      <tstamp>5F5E5E6D</tstamp>
    </comp>
    <comp ref="C21">
      <value>390pF</value>
      <footprint>Capacitor_SMD:C_0805_2012Metric_Pad1.15x1.40mm_HandSolder</footprint>
      <datasheet>~</datasheet>
      <libsource lib="Device" part="C" description="Unpolarized capacitor"/>
      <sheetpath names="/dg_cpl_1_io/" tstamps="/5E3A646A/"/>
      <tstamp>5F5E5E82</tstamp>
    </comp>
    <comp ref="C7">
      <value>390pF</value>
      <footprint>Capacitor_SMD:C_0805_2012Metric_Pad1.15x1.40mm_HandSolder</footprint>
      <datasheet>~</datasheet>
      <libsource lib="Device" part="C" description="Unpolarized capacitor"/>
      <sheetpath names="/dg_cpl_1_io/" tstamps="/5E3A646A/"/>
      <tstamp>5F5F380D</tstamp>
    </comp>
    <comp ref="C12">
      <value>390pF</value>
      <footprint>Capacitor_SMD:C_0805_2012Metric_Pad1.15x1.40mm_HandSolder</footprint>
      <datasheet>~</datasheet>
      <libsource lib="Device" part="C" description="Unpolarized capacitor"/>
      <sheetpath names="/dg_cpl_1_io/" tstamps="/5E3A646A/"/>
      <tstamp>5F5F3822</tstamp>
    </comp>
    <comp ref="J1">
      <value>DB25P_RA_TE</value>
      <footprint>dg_custom:DB25P_RA_TE</footprint>
      <libsource lib="dg_custom" part="DB25_RA_TE" description=""/>
      <sheetpath names="/dg_cpl_1_io/" tstamps="/5E3A646A/"/>
      <tstamp>5F88C32D</tstamp>
    </comp>
    <comp ref="CR13">
      <value>SMAJ10A</value>
      <footprint>Diode_SMD:D_SMA_Handsoldering</footprint>
      <libsource lib="2020-08-15_01-10-35" part="SMAJ10A" description=""/>
      <sheetpath names="/dg_cpl_1_io/" tstamps="/5E3A646A/"/>
      <tstamp>5F9B4513</tstamp>
    </comp>
    <comp ref="CR14">
      <value>SMAJ10A</value>
      <footprint>Diode_SMD:D_SMA_Handsoldering</footprint>
      <libsource lib="2020-08-15_01-10-35" part="SMAJ10A" description=""/>
      <sheetpath names="/dg_cpl_1_io/" tstamps="/5E3A646A/"/>
      <tstamp>5F9B5D78</tstamp>
    </comp>
    <comp ref="CR15">
      <value>SMAJ10A</value>
      <footprint>Diode_SMD:D_SMA_Handsoldering</footprint>
      <libsource lib="2020-08-15_01-10-35" part="SMAJ10A" description=""/>
      <sheetpath names="/dg_cpl_1_io/" tstamps="/5E3A646A/"/>
      <tstamp>5F9B7DE7</tstamp>
    </comp>
    <comp ref="H1">
      <value>MountingHole_Pad</value>
      <footprint>MountingHole:MountingHole_3.5mm_Pad_Via</footprint>
      <datasheet>~</datasheet>
      <libsource lib="Mechanical" part="MountingHole_Pad" description="Mounting Hole with connection"/>
      <sheetpath names="/dg_cpl_1_io/" tstamps="/5E3A646A/"/>
      <tstamp>5F848C0A</tstamp>
    </comp>
    <comp ref="H2">
      <value>MountingHole_Pad</value>
      <footprint>MountingHole:MountingHole_3.5mm_Pad_Via</footprint>
      <datasheet>~</datasheet>
      <libsource lib="Mechanical" part="MountingHole_Pad" description="Mounting Hole with connection"/>
      <sheetpath names="/dg_cpl_1_io/" tstamps="/5E3A646A/"/>
      <tstamp>5F85A6FD</tstamp>
    </comp>
    <comp ref="H3">
      <value>MountingHole_Pad</value>
      <footprint>MountingHole:MountingHole_3.5mm_Pad_Via</footprint>
      <datasheet>~</datasheet>
      <libsource lib="Mechanical" part="MountingHole_Pad" description="Mounting Hole with connection"/>
      <sheetpath names="/dg_cpl_1_io/" tstamps="/5E3A646A/"/>
      <tstamp>5F85A9AB</tstamp>
    </comp>
    <comp ref="H4">
      <value>MountingHole_Pad</value>
      <footprint>MountingHole:MountingHole_3.5mm_Pad_Via</footprint>
      <datasheet>~</datasheet>
      <libsource lib="Mechanical" part="MountingHole_Pad" description="Mounting Hole with connection"/>
      <sheetpath names="/dg_cpl_1_io/" tstamps="/5E3A646A/"/>
      <tstamp>5F85ABEE</tstamp>
    </comp>
  </components>
  <libparts>
    <libpart lib="2020-08-15_01-10-35" part="SMAJ10A">
      <footprints>
        <fp>SMASeries_LTF</fp>
        <fp>SMASeries_LTF-M</fp>
        <fp>SMASeries_LTF-L</fp>
      </footprints>
      <fields>
        <field name="Reference">CR</field>
        <field name="Value">SMAJ10A</field>
        <field name="Footprint">SMASeries_LTF</field>
      </fields>
      <pins>
        <pin num="1" name="~" type="unspc"/>
        <pin num="2" name="~" type="unspc"/>
      </pins>
    </libpart>
    <libpart lib="2020-08-15_21-49-02" part="SMAJ24CA">
      <footprints>
        <fp>SMASeries_LTF</fp>
        <fp>SMASeries_LTF-M</fp>
        <fp>SMASeries_LTF-L</fp>
      </footprints>
      <fields>
        <field name="Reference">CR</field>
        <field name="Value">SMAJ24CA</field>
        <field name="Footprint">SMASeries_LTF</field>
      </fields>
      <pins>
        <pin num="1" name="~" type="unspc"/>
        <pin num="2" name="~" type="unspc"/>
      </pins>
    </libpart>
    <libpart lib="4xxx" part="4016">
      <aliases>
        <alias>4066</alias>
      </aliases>
      <description>Quad Analog Switches</description>
      <docs>http://www.ti.com/lit/ds/symlink/cd4016b.pdf</docs>
      <footprints>
        <fp>DIP?14*</fp>
      </footprints>
      <fields>
        <field name="Reference">U</field>
        <field name="Value">4016</field>
      </fields>
      <pins>
        <pin num="1" name="~" type="passive"/>
        <pin num="2" name="~" type="passive"/>
        <pin num="3" name="~" type="passive"/>
        <pin num="4" name="~" type="passive"/>
        <pin num="5" name="~" type="input"/>
        <pin num="6" name="~" type="input"/>
        <pin num="7" name="VSS" type="power_in"/>
        <pin num="8" name="~" type="passive"/>
        <pin num="9" name="~" type="passive"/>
        <pin num="10" name="~" type="passive"/>
        <pin num="11" name="~" type="passive"/>
        <pin num="12" name="~" type="input"/>
        <pin num="13" name="~" type="input"/>
        <pin num="14" name="VDD" type="power_in"/>
      </pins>
    </libpart>
    <libpart lib="Amplifier_Operational" part="LM2902">
      <aliases>
        <alias>LM324</alias>
        <alias>TLC274</alias>
        <alias>TLC279</alias>
        <alias>TL074</alias>
        <alias>LM324A</alias>
        <alias>MCP6004</alias>
        <alias>TL084</alias>
        <alias>TL064</alias>
        <alias>LMV324</alias>
        <alias>LMC6484</alias>
        <alias>MCP604</alias>
        <alias>MC33079</alias>
        <alias>MC33174</alias>
        <alias>MC33179</alias>
        <alias>OPA1604</alias>
        <alias>OPA1679</alias>
        <alias>OPA4134</alias>
        <alias>OPA4340UA</alias>
        <alias>OPA4376</alias>
        <alias>MCP6L94</alias>
        <alias>TSV914</alias>
        <alias>ADA4807-4</alias>
        <alias>TSV994</alias>
      </aliases>
      <description>Low-Power, Quad-Operational Amplifiers, DIP-14/SOIC-14/SSOP-14</description>
      <docs>http://www.ti.com/lit/ds/symlink/lm2902-n.pdf</docs>
      <footprints>
        <fp>SOIC*3.9x8.7mm*P1.27mm*</fp>
        <fp>DIP*W7.62mm*</fp>
        <fp>TSSOP*4.4x5mm*P0.65mm*</fp>
        <fp>SSOP*5.3x6.2mm*P0.65mm*</fp>
        <fp>MSOP*3x3mm*P0.5mm*</fp>
      </footprints>
      <fields>
        <field name="Reference">U</field>
        <field name="Value">LM2902</field>
      </fields>
      <pins>
        <pin num="1" name="~" type="output"/>
        <pin num="2" name="-" type="input"/>
        <pin num="3" name="+" type="input"/>
        <pin num="4" name="V+" type="power_in"/>
        <pin num="5" name="+" type="input"/>
        <pin num="6" name="-" type="input"/>
        <pin num="7" name="~" type="output"/>
        <pin num="8" name="~" type="output"/>
        <pin num="9" name="-" type="input"/>
        <pin num="10" name="+" type="input"/>
        <pin num="11" name="V-" type="power_in"/>
        <pin num="12" name="+" type="input"/>
        <pin num="13" name="-" type="input"/>
        <pin num="14" name="~" type="output"/>
      </pins>
    </libpart>
    <libpart lib="Amplifier_Operational" part="LM2904">
      <aliases>
        <alias>LM358</alias>
        <alias>AD8620</alias>
        <alias>LMC6062</alias>
        <alias>LMC6082</alias>
        <alias>TL062</alias>
        <alias>TL072</alias>
        <alias>TL082</alias>
        <alias>NE5532</alias>
        <alias>SA5532</alias>
        <alias>RC4558</alias>
        <alias>RC4560</alias>
        <alias>RC4580</alias>
        <alias>LMV358</alias>
        <alias>TS912</alias>
        <alias>TSV912IDT</alias>
        <alias>TSV912IST</alias>
        <alias>TLC272</alias>
        <alias>TLC277</alias>
        <alias>MCP602</alias>
        <alias>OPA1678</alias>
        <alias>OPA2134</alias>
        <alias>OPA2340</alias>
        <alias>OPA2376xxD</alias>
        <alias>OPA2376xxDGK</alias>
        <alias>MC33078</alias>
        <alias>MC33178</alias>
        <alias>LM4562</alias>
        <alias>OP249</alias>
        <alias>OP275</alias>
        <alias>ADA4075-2</alias>
        <alias>MCP6002-xP</alias>
        <alias>MCP6002-xSN</alias>
        <alias>MCP6002-xMS</alias>
        <alias>LM7332</alias>
        <alias>OPA2333xxD</alias>
        <alias>OPA2333xxDGK</alias>
        <alias>LMC6482</alias>
        <alias>LT1492</alias>
        <alias>LTC6081xMS8</alias>
        <alias>LM6172</alias>
        <alias>MCP6L92</alias>
        <alias>NJM2043</alias>
        <alias>NJM2114</alias>
        <alias>NJM4556A</alias>
        <alias>NJM4558</alias>
        <alias>NJM4559</alias>
        <alias>NJM4560</alias>
        <alias>NJM4580</alias>
        <alias>NJM5532</alias>
        <alias>ADA4807-2ARM</alias>
        <alias>OPA2691</alias>
        <alias>LT6234</alias>
        <alias>OPA2356xxD</alias>
        <alias>OPA2356xxDGK</alias>
        <alias>OPA1612AxD</alias>
        <alias>MC33172</alias>
        <alias>OPA1602</alias>
        <alias>TLV2372</alias>
        <alias>LT6237</alias>
        <alias>OPA2277</alias>
        <alias>MCP6022</alias>
      </aliases>
      <description>Dual Operational Amplifiers, DIP-8/SOIC-8/TSSOP-8/VSSOP-8</description>
      <docs>http://www.ti.com/lit/ds/symlink/lm358.pdf</docs>
      <footprints>
        <fp>SOIC*3.9x4.9mm*P1.27mm*</fp>
        <fp>DIP*W7.62mm*</fp>
        <fp>TO*99*</fp>
        <fp>OnSemi*Micro8*</fp>
        <fp>TSSOP*3x3mm*P0.65mm*</fp>
        <fp>TSSOP*4.4x3mm*P0.65mm*</fp>
        <fp>MSOP*3x3mm*P0.65mm*</fp>
        <fp>SSOP*3.9x4.9mm*P0.635mm*</fp>
        <fp>LFCSP*2x2mm*P0.5mm*</fp>
        <fp>*SIP*</fp>
        <fp>SOIC*5.3x6.2mm*P1.27mm*</fp>
      </footprints>
      <fields>
        <field name="Reference">U</field>
        <field name="Value">LM2904</field>
      </fields>
      <pins>
        <pin num="1" name="~" type="output"/>
        <pin num="2" name="-" type="input"/>
        <pin num="3" name="+" type="input"/>
        <pin num="4" name="V-" type="power_in"/>
        <pin num="5" name="+" type="input"/>
        <pin num="6" name="-" type="input"/>
        <pin num="7" name="~" type="output"/>
        <pin num="8" name="V+" type="power_in"/>
      </pins>
    </libpart>
    <libpart lib="Amplifier_Operational" part="LM318M">
      <aliases>
        <alias>LM318H</alias>
        <alias>LM318N</alias>
      </aliases>
      <description>Operational Amplifier, SOIC-8</description>
      <docs>http://www.ti.com/lit/ds/symlink/lm318-n.pdf</docs>
      <footprints>
        <fp>SOIC*3.9x4.9mm*P1.27mm*</fp>
        <fp>DIP*W7.62mm*</fp>
        <fp>TO*99*</fp>
      </footprints>
      <fields>
        <field name="Reference">U</field>
        <field name="Value">LM318M</field>
      </fields>
      <pins>
        <pin num="1" name="BAL1" type="passive"/>
        <pin num="2" name="-" type="input"/>
        <pin num="3" name="+" type="input"/>
        <pin num="4" name="V-" type="power_in"/>
        <pin num="5" name="BAL3" type="passive"/>
        <pin num="6" name="~" type="output"/>
        <pin num="7" name="V+" type="power_in"/>
        <pin num="8" name="BAL2" type="passive"/>
      </pins>
    </libpart>
    <libpart lib="Device" part="C">
      <description>Unpolarized capacitor</description>
      <docs>~</docs>
      <footprints>
        <fp>C_*</fp>
      </footprints>
      <fields>
        <field name="Reference">C</field>
        <field name="Value">C</field>
      </fields>
      <pins>
        <pin num="1" name="~" type="passive"/>
        <pin num="2" name="~" type="passive"/>
      </pins>
    </libpart>
    <libpart lib="Device" part="CP1">
      <description>Polarized capacitor, US symbol</description>
      <docs>~</docs>
      <footprints>
        <fp>CP_*</fp>
      </footprints>
      <fields>
        <field name="Reference">C</field>
        <field name="Value">CP1</field>
      </fields>
      <pins>
        <pin num="1" name="~" type="passive"/>
        <pin num="2" name="~" type="passive"/>
      </pins>
    </libpart>
    <libpart lib="Device" part="R_POT_US">
      <description>Potentiometer, US symbol</description>
      <docs>~</docs>
      <footprints>
        <fp>Potentiometer*</fp>
      </footprints>
      <fields>
        <field name="Reference">RV</field>
        <field name="Value">R_POT_US</field>
      </fields>
      <pins>
        <pin num="1" name="1" type="passive"/>
        <pin num="2" name="2" type="passive"/>
        <pin num="3" name="3" type="passive"/>
      </pins>
    </libpart>
    <libpart lib="Device" part="R_US">
      <description>Resistor, US symbol</description>
      <docs>~</docs>
      <footprints>
        <fp>R_*</fp>
      </footprints>
      <fields>
        <field name="Reference">R</field>
        <field name="Value">R_US</field>
      </fields>
      <pins>
        <pin num="1" name="~" type="passive"/>
        <pin num="2" name="~" type="passive"/>
      </pins>
    </libpart>
    <libpart lib="Diode" part="LL4148">
      <aliases>
        <alias>LL4448</alias>
      </aliases>
      <description>100V 0.15A standard switching diode, MiniMELF</description>
      <docs>http://www.vishay.com/docs/85557/ll4148.pdf</docs>
      <footprints>
        <fp>D*MiniMELF*</fp>
      </footprints>
      <fields>
        <field name="Reference">D</field>
        <field name="Value">LL4148</field>
        <field name="Footprint">Diode_SMD:D_MiniMELF</field>
      </fields>
      <pins>
        <pin num="1" name="K" type="passive"/>
        <pin num="2" name="A" type="passive"/>
      </pins>
    </libpart>
    <libpart lib="Mechanical" part="MountingHole_Pad">
      <description>Mounting Hole with connection</description>
      <docs>~</docs>
      <footprints>
        <fp>MountingHole*Pad*</fp>
      </footprints>
      <fields>
        <field name="Reference">H</field>
        <field name="Value">MountingHole_Pad</field>
      </fields>
      <pins>
        <pin num="1" name="1" type="input"/>
      </pins>
    </libpart>
    <libpart lib="Regulator_Linear" part="LT1963EQ">
      <aliases>
        <alias>LT1963AEQ</alias>
      </aliases>
      <description>1.5A, Adjustable, Low Noise, Linear Voltage Regulator, TO-263-5</description>
      <docs>https://www.analog.com/media/en/technical-documentation/data-sheets/1963fc.pdf</docs>
      <footprints>
        <fp>TO*263*</fp>
      </footprints>
      <fields>
        <field name="Reference">U</field>
        <field name="Value">LT1963EQ</field>
        <field name="Footprint">Package_TO_SOT_SMD:TO-263-5_TabPin3</field>
      </fields>
      <pins>
        <pin num="1" name="~SHDN" type="input"/>
        <pin num="2" name="IN" type="power_in"/>
        <pin num="3" name="GND" type="power_in"/>
        <pin num="4" name="OUT" type="power_out"/>
        <pin num="5" name="ADJ" type="input"/>
      </pins>
    </libpart>
    <libpart lib="Relay_SolidState" part="CPC1017N">
      <aliases>
        <alias>CPC1117N</alias>
      </aliases>
      <description>Form A, Solid State Relay (Photo MOSFET) 60V, 0.1A, 16Ohm, SO-4</description>
      <docs>http://www.ixysic.com/home/pdfs.nsf/www/CPC1017N.pdf/$file/CPC1017N.pdf</docs>
      <footprints>
        <fp>SOP*3.8x4.1mm*P2.54mm*</fp>
      </footprints>
      <fields>
        <field name="Reference">U</field>
        <field name="Value">CPC1017N</field>
        <field name="Footprint">Package_SO:SOP-4_3.8x4.1mm_P2.54mm</field>
      </fields>
      <pins>
        <pin num="1" name="~" type="passive"/>
        <pin num="2" name="~" type="passive"/>
        <pin num="3" name="~" type="passive"/>
        <pin num="4" name="~" type="passive"/>
      </pins>
    </libpart>
    <libpart lib="Timer" part="NE555D">
      <aliases>
        <alias>LM555xM</alias>
        <alias>ICM7555xB</alias>
        <alias>LMC555xM</alias>
        <alias>MC1455B</alias>
        <alias>TLC555xD</alias>
        <alias>NA555D</alias>
        <alias>SE555D</alias>
        <alias>SA555D</alias>
      </aliases>
      <description>Precision Timers, 555 compatible, SOIC-8</description>
      <docs>http://www.ti.com/lit/ds/symlink/ne555.pdf</docs>
      <footprints>
        <fp>SOIC*3.9x4.9mm*P1.27mm*</fp>
      </footprints>
      <fields>
        <field name="Reference">U</field>
        <field name="Value">NE555D</field>
        <field name="Footprint">Package_SO:SOIC-8_3.9x4.9mm_P1.27mm</field>
      </fields>
      <pins>
        <pin num="1" name="GND" type="power_in"/>
        <pin num="2" name="TR" type="input"/>
        <pin num="3" name="Q" type="output"/>
        <pin num="4" name="R" type="input"/>
        <pin num="5" name="CV" type="input"/>
        <pin num="6" name="THR" type="input"/>
        <pin num="7" name="DIS" type="input"/>
        <pin num="8" name="VCC" type="power_in"/>
      </pins>
    </libpart>
    <libpart lib="Transistor_BJT" part="BC817">
      <aliases>
        <alias>BC818</alias>
        <alias>BC846</alias>
        <alias>BC847</alias>
        <alias>BC848</alias>
        <alias>BC849</alias>
        <alias>BC850</alias>
        <alias>MMBT3904</alias>
        <alias>MMBT5550L</alias>
        <alias>MMBT5551L</alias>
      </aliases>
      <description>0.8A Ic, 45V Vce, NPN Transistor, SOT-23</description>
      <docs>http://www.fairchildsemi.com/ds/BC/BC817.pdf</docs>
      <footprints>
        <fp>SOT?23*</fp>
      </footprints>
      <fields>
        <field name="Reference">Q</field>
        <field name="Value">BC817</field>
        <field name="Footprint">Package_TO_SOT_SMD:SOT-23</field>
      </fields>
      <pins>
        <pin num="1" name="B" type="input"/>
        <pin num="2" name="E" type="passive"/>
        <pin num="3" name="C" type="passive"/>
      </pins>
    </libpart>
    <libpart lib="dg_custom" part="DB25_RA_TE">
      <fields>
        <field name="Reference">J</field>
        <field name="Value">DB25_RA_TE</field>
      </fields>
      <pins>
        <pin num="1" name="1" type="passive"/>
        <pin num="2" name="2" type="passive"/>
        <pin num="3" name="3" type="passive"/>
        <pin num="4" name="4" type="passive"/>
        <pin num="5" name="5" type="passive"/>
        <pin num="6" name="6" type="passive"/>
        <pin num="7" name="7" type="passive"/>
        <pin num="8" name="8" type="passive"/>
        <pin num="9" name="9" type="passive"/>
        <pin num="10" name="10" type="passive"/>
        <pin num="11" name="11" type="passive"/>
        <pin num="12" name="12" type="passive"/>
        <pin num="13" name="13" type="passive"/>
        <pin num="14" name="14" type="passive"/>
        <pin num="15" name="15" type="passive"/>
        <pin num="16" name="16" type="passive"/>
        <pin num="17" name="17" type="passive"/>
        <pin num="18" name="18" type="passive"/>
        <pin num="19" name="19" type="passive"/>
        <pin num="20" name="20" type="passive"/>
        <pin num="21" name="21" type="passive"/>
        <pin num="22" name="22" type="passive"/>
        <pin num="23" name="23" type="passive"/>
        <pin num="24" name="24" type="passive"/>
        <pin num="25" name="25" type="passive"/>
        <pin num="26" name="26" type="passive"/>
        <pin num="27" name="27" type="passive"/>
      </pins>
    </libpart>
  </libparts>
  <libraries>
    <library logical="2020-08-15_01-10-35">
      <uri>D:\kicad\dg_cpl_1/ul_SMAJ10A/KiCAD/2020-08-15_01-10-35/2020-08-15_01-10-35.lib</uri>
    </library>
    <library logical="2020-08-15_21-49-02">
      <uri>D:\kicad\dg_cpl_1/ul_SMAJ24CA/KiCAD/2020-08-15_21-49-02/2020-08-15_21-49-02.lib</uri>
    </library>
    <library logical="4xxx">
      <uri>C:\Program Files\KiCad\share\kicad\library/4xxx.lib</uri>
    </library>
    <library logical="Amplifier_Operational">
      <uri>C:\Program Files\KiCad\share\kicad\library/Amplifier_Operational.lib</uri>
    </library>
    <library logical="Device">
      <uri>C:\Program Files\KiCad\share\kicad\library/Device.lib</uri>
    </library>
    <library logical="Diode">
      <uri>C:\Program Files\KiCad\share\kicad\library/Diode.lib</uri>
    </library>
    <library logical="Mechanical">
      <uri>C:\Program Files\KiCad\share\kicad\library/Mechanical.lib</uri>
    </library>
    <library logical="Regulator_Linear">
      <uri>C:\Program Files\KiCad\share\kicad\library/Regulator_Linear.lib</uri>
    </library>
    <library logical="Relay_SolidState">
      <uri>C:\Program Files\KiCad\share\kicad\library/Relay_SolidState.lib</uri>
    </library>
    <library logical="Timer">
      <uri>C:\Program Files\KiCad\share\kicad\library/Timer.lib</uri>
    </library>
    <library logical="Transistor_BJT">
      <uri>C:\Program Files\KiCad\share\kicad\library/Transistor_BJT.lib</uri>
    </library>
    <library logical="dg_custom">
      <uri>D:\kicad\dg_cpl_1/dg_custom.lib</uri>
    </library>
  </libraries>
  <nets>
    <net code="1" name="GNDREF">
      <node ref="Q6" pin="2"/>
      <node ref="J1" pin="19"/>
      <node ref="J1" pin="27"/>
      <node ref="J1" pin="26"/>
      <node ref="U7" pin="3"/>
      <node ref="J1" pin="25"/>
      <node ref="J1" pin="24"/>
      <node ref="J1" pin="23"/>
      <node ref="J1" pin="21"/>
      <node ref="RV1" pin="3"/>
      <node ref="U3" pin="1"/>
      <node ref="C28" pin="2"/>
      <node ref="U6" pin="4"/>
      <node ref="Q7" pin="2"/>
      <node ref="H4" pin="1"/>
      <node ref="H3" pin="1"/>
      <node ref="H2" pin="1"/>
      <node ref="H1" pin="1"/>
      <node ref="Q2" pin="2"/>
      <node ref="Q3" pin="2"/>
      <node ref="Q8" pin="2"/>
      <node ref="C15" pin="2"/>
      <node ref="C16" pin="2"/>
      <node ref="C17" pin="2"/>
      <node ref="C18" pin="2"/>
      <node ref="Q4" pin="2"/>
      <node ref="U2" pin="7"/>
      <node ref="Q1" pin="2"/>
      <node ref="Q5" pin="2"/>
      <node ref="U1" pin="11"/>
      <node ref="J1" pin="18"/>
      <node ref="J1" pin="17"/>
      <node ref="J1" pin="16"/>
      <node ref="J1" pin="14"/>
      <node ref="C4" pin="2"/>
      <node ref="C5" pin="2"/>
      <node ref="CR10" pin="2"/>
      <node ref="CR12" pin="2"/>
      <node ref="U2" pin="8"/>
      <node ref="U2" pin="10"/>
      <node ref="U2" pin="11"/>
      <node ref="Q9" pin="2"/>
      <node ref="U2" pin="12"/>
      <node ref="CR3" pin="2"/>
      <node ref="C20" pin="2"/>
      <node ref="CR1" pin="2"/>
      <node ref="CR8" pin="2"/>
      <node ref="CR2" pin="2"/>
      <node ref="CR9" pin="2"/>
      <node ref="CR5" pin="2"/>
      <node ref="C3" pin="1"/>
      <node ref="C6" pin="1"/>
      <node ref="C22" pin="2"/>
      <node ref="C26" pin="2"/>
      <node ref="C24" pin="2"/>
      <node ref="C8" pin="1"/>
      <node ref="C12" pin="2"/>
      <node ref="CR15" pin="2"/>
      <node ref="CR11" pin="2"/>
      <node ref="CR14" pin="2"/>
      <node ref="R23" pin="2"/>
      <node ref="C9" pin="2"/>
      <node ref="CR4" pin="2"/>
      <node ref="R29" pin="2"/>
      <node ref="U4" pin="4"/>
      <node ref="C19" pin="2"/>
      <node ref="C21" pin="2"/>
      <node ref="C7" pin="2"/>
      <node ref="C11" pin="2"/>
      <node ref="CR6" pin="2"/>
      <node ref="CR7" pin="2"/>
      <node ref="C10" pin="2"/>
      <node ref="R28" pin="2"/>
      <node ref="CR13" pin="2"/>
      <node ref="C25" pin="2"/>
      <node ref="C23" pin="2"/>
      <node ref="C13" pin="2"/>
    </net>
    <net code="2" name="+9V">
      <node ref="R15" pin="2"/>
      <node ref="R22" pin="1"/>
      <node ref="U7" pin="4"/>
      <node ref="U6" pin="8"/>
      <node ref="RV1" pin="1"/>
      <node ref="R47" pin="1"/>
      <node ref="R16" pin="1"/>
      <node ref="R46" pin="2"/>
      <node ref="U2" pin="14"/>
      <node ref="R45" pin="2"/>
      <node ref="R43" pin="2"/>
      <node ref="R42" pin="2"/>
      <node ref="R41" pin="2"/>
      <node ref="R40" pin="2"/>
      <node ref="R44" pin="2"/>
      <node ref="R52" pin="1"/>
      <node ref="R53" pin="1"/>
      <node ref="C11" pin="1"/>
      <node ref="C10" pin="1"/>
      <node ref="R48" pin="1"/>
      <node ref="R24" pin="1"/>
      <node ref="U1" pin="4"/>
      <node ref="U3" pin="4"/>
      <node ref="U3" pin="8"/>
      <node ref="C19" pin="1"/>
      <node ref="U4" pin="7"/>
      <node ref="R25" pin="2"/>
      <node ref="C20" pin="1"/>
      <node ref="C8" pin="2"/>
      <node ref="R32" pin="2"/>
      <node ref="R7" pin="1"/>
      <node ref="C6" pin="2"/>
      <node ref="C3" pin="2"/>
      <node ref="R51" pin="1"/>
    </net>
    <net code="3" name="Net-(R26-Pad2)">
      <node ref="R27" pin="2"/>
      <node ref="R26" pin="2"/>
      <node ref="U1" pin="13"/>
    </net>
    <net code="4" name="Net-(C14-Pad1)">
      <node ref="U1" pin="10"/>
      <node ref="R27" pin="1"/>
      <node ref="RV3" pin="2"/>
      <node ref="C14" pin="1"/>
    </net>
    <net code="5" name="GNDA">
      <node ref="R20" pin="2"/>
      <node ref="R21" pin="2"/>
      <node ref="R31" pin="2"/>
      <node ref="C14" pin="2"/>
      <node ref="R30" pin="2"/>
      <node ref="R19" pin="2"/>
      <node ref="CR14" pin="1"/>
      <node ref="RV2" pin="1"/>
      <node ref="C27" pin="2"/>
      <node ref="R39" pin="2"/>
      <node ref="U9" pin="4"/>
      <node ref="U2" pin="3"/>
      <node ref="U2" pin="2"/>
      <node ref="J1" pin="15"/>
      <node ref="C2" pin="2"/>
      <node ref="R5" pin="2"/>
      <node ref="U6" pin="1"/>
      <node ref="U6" pin="2"/>
      <node ref="C16" pin="1"/>
    </net>
    <net code="6" name="Net-(R24-Pad2)">
      <node ref="RV3" pin="3"/>
      <node ref="R24" pin="2"/>
    </net>
    <net code="7" name="Net-(R30-Pad1)">
      <node ref="RV3" pin="1"/>
      <node ref="R30" pin="1"/>
    </net>
    <net code="8" name="/LIMIT_PLUS">
      <node ref="U1" pin="8"/>
      <node ref="U1" pin="9"/>
      <node ref="D1" pin="1"/>
    </net>
    <net code="9" name="Net-(R31-Pad1)">
      <node ref="U1" pin="12"/>
      <node ref="R31" pin="1"/>
    </net>
    <net code="10" name="/LIMIT_MINUS">
      <node ref="R26" pin="1"/>
      <node ref="U1" pin="14"/>
      <node ref="D2" pin="2"/>
    </net>
    <net code="11" name="Net-(R25-Pad1)">
      <node ref="U7" pin="5"/>
      <node ref="R28" pin="1"/>
      <node ref="R29" pin="1"/>
      <node ref="R25" pin="1"/>
    </net>
    <net code="12" name="Net-(U4-Pad1)">
      <node ref="U4" pin="1"/>
    </net>
    <net code="13" name="Net-(R19-Pad1)">
      <node ref="R19" pin="1"/>
      <node ref="U4" pin="3"/>
    </net>
    <net code="14" name="Net-(U4-Pad5)">
      <node ref="U4" pin="5"/>
    </net>
    <net code="15" name="Net-(U4-Pad8)">
      <node ref="U4" pin="8"/>
    </net>
    <net code="16" name="Net-(C4-Pad1)">
      <node ref="C4" pin="1"/>
      <node ref="U3" pin="5"/>
    </net>
    <net code="17" name="/PWR_14V_IN">
      <node ref="C18" pin="1"/>
      <node ref="U7" pin="1"/>
      <node ref="C28" pin="1"/>
      <node ref="U7" pin="2"/>
      <node ref="J1" pin="1"/>
    </net>
    <net code="18" name="Net-(R18-Pad1)">
      <node ref="R37" pin="1"/>
      <node ref="R38" pin="1"/>
      <node ref="R18" pin="1"/>
      <node ref="R21" pin="1"/>
      <node ref="R20" pin="1"/>
    </net>
    <net code="19" name="Net-(R38-Pad2)">
      <node ref="R39" pin="1"/>
      <node ref="U6" pin="5"/>
      <node ref="R38" pin="2"/>
    </net>
    <net code="20" name="Net-(R36-Pad1)">
      <node ref="R36" pin="1"/>
      <node ref="U6" pin="6"/>
      <node ref="R37" pin="2"/>
    </net>
    <net code="21" name="Net-(R4-Pad1)">
      <node ref="R4" pin="1"/>
      <node ref="R5" pin="1"/>
      <node ref="U1" pin="3"/>
    </net>
    <net code="22" name="Net-(R8-Pad1)">
      <node ref="R8" pin="1"/>
      <node ref="U1" pin="6"/>
      <node ref="U1" pin="7"/>
    </net>
    <net code="23" name="/AC_HDG_IN">
      <node ref="C15" pin="1"/>
      <node ref="CR13" pin="1"/>
      <node ref="R3" pin="2"/>
      <node ref="R1" pin="2"/>
      <node ref="J1" pin="3"/>
    </net>
    <net code="24" name="Net-(R7-Pad2)">
      <node ref="R7" pin="2"/>
      <node ref="U2" pin="13"/>
      <node ref="U2" pin="9"/>
    </net>
    <net code="25" name="Net-(R3-Pad1)">
      <node ref="U2" pin="4"/>
      <node ref="R4" pin="2"/>
      <node ref="R3" pin="1"/>
    </net>
    <net code="26" name="Net-(R10-Pad2)">
      <node ref="U1" pin="1"/>
      <node ref="R10" pin="2"/>
      <node ref="R6" pin="1"/>
    </net>
    <net code="27" name="Net-(R2-Pad1)">
      <node ref="R6" pin="2"/>
      <node ref="U1" pin="2"/>
      <node ref="R2" pin="1"/>
    </net>
    <net code="28" name="Net-(R32-Pad1)">
      <node ref="R33" pin="2"/>
      <node ref="R32" pin="1"/>
    </net>
    <net code="29" name="Net-(Q1-Pad1)">
      <node ref="Q1" pin="1"/>
      <node ref="R14" pin="1"/>
    </net>
    <net code="30" name="Net-(Q1-Pad3)">
      <node ref="Q1" pin="3"/>
      <node ref="R34" pin="2"/>
    </net>
    <net code="31" name="Net-(R34-Pad1)">
      <node ref="R34" pin="1"/>
      <node ref="R35" pin="2"/>
    </net>
    <net code="32" name="/HDG_EXC_OUT">
      <node ref="R35" pin="1"/>
      <node ref="CR15" pin="1"/>
      <node ref="J1" pin="2"/>
      <node ref="C17" pin="1"/>
      <node ref="R33" pin="1"/>
    </net>
    <net code="33" name="Net-(R1-Pad1)">
      <node ref="R1" pin="1"/>
      <node ref="R2" pin="2"/>
      <node ref="U2" pin="1"/>
    </net>
    <net code="34" name="Net-(R16-Pad2)">
      <node ref="R17" pin="1"/>
      <node ref="U3" pin="7"/>
      <node ref="R16" pin="2"/>
    </net>
    <net code="35" name="Net-(C5-Pad1)">
      <node ref="R17" pin="2"/>
      <node ref="C5" pin="1"/>
      <node ref="U3" pin="6"/>
      <node ref="U3" pin="2"/>
    </net>
    <net code="36" name="/DC_HDG_OUT">
      <node ref="R36" pin="2"/>
      <node ref="U6" pin="7"/>
      <node ref="U11" pin="4"/>
    </net>
    <net code="37" name="Net-(R8-Pad2)">
      <node ref="RV2" pin="3"/>
      <node ref="R8" pin="2"/>
    </net>
    <net code="38" name="Net-(C1-Pad1)">
      <node ref="C1" pin="1"/>
      <node ref="R12" pin="1"/>
      <node ref="U4" pin="2"/>
      <node ref="R11" pin="1"/>
    </net>
    <net code="39" name="Net-(C9-Pad1)">
      <node ref="R23" pin="1"/>
      <node ref="U6" pin="3"/>
      <node ref="C9" pin="1"/>
      <node ref="R22" pin="2"/>
    </net>
    <net code="40" name="Net-(R12-Pad2)">
      <node ref="R12" pin="2"/>
      <node ref="RV2" pin="2"/>
    </net>
    <net code="41" name="Net-(R13-Pad1)">
      <node ref="R13" pin="1"/>
      <node ref="U4" pin="6"/>
    </net>
    <net code="42" name="Net-(C1-Pad2)">
      <node ref="R11" pin="2"/>
      <node ref="R13" pin="2"/>
      <node ref="R18" pin="2"/>
      <node ref="D2" pin="1"/>
      <node ref="C1" pin="2"/>
      <node ref="D1" pin="2"/>
    </net>
    <net code="43" name="Net-(C2-Pad1)">
      <node ref="C2" pin="1"/>
      <node ref="R9" pin="2"/>
      <node ref="U1" pin="5"/>
      <node ref="R10" pin="1"/>
      <node ref="C27" pin="1"/>
    </net>
    <net code="44" name="Net-(R9-Pad1)">
      <node ref="RV1" pin="2"/>
      <node ref="R9" pin="1"/>
    </net>
    <net code="45" name="/400HZ_REF">
      <node ref="U3" pin="3"/>
      <node ref="U2" pin="5"/>
      <node ref="R15" pin="1"/>
      <node ref="R14" pin="2"/>
      <node ref="U2" pin="6"/>
    </net>
    <net code="46" name="/dg_cpl_1_io/DG_RELAY">
      <node ref="J1" pin="6"/>
      <node ref="Q2" pin="3"/>
      <node ref="CR11" pin="1"/>
      <node ref="C25" pin="1"/>
    </net>
    <net code="47" name="/dg_cpl_1_io/SW_B">
      <node ref="CR12" pin="1"/>
      <node ref="R54" pin="2"/>
      <node ref="R55" pin="2"/>
      <node ref="R52" pin="2"/>
      <node ref="R56" pin="2"/>
      <node ref="J1" pin="4"/>
      <node ref="C26" pin="1"/>
    </net>
    <net code="48" name="/dg_cpl_1_io/RS_IN_B">
      <node ref="U8" pin="3"/>
      <node ref="J1" pin="12"/>
      <node ref="CR1" pin="1"/>
    </net>
    <net code="49" name="/dg_cpl_1_io/IND_FLAG">
      <node ref="CR8" pin="1"/>
      <node ref="C22" pin="1"/>
      <node ref="U13" pin="3"/>
      <node ref="J1" pin="7"/>
    </net>
    <net code="50" name="/dg_cpl_1_io/DIG_FLAG">
      <node ref="J1" pin="9"/>
      <node ref="CR9" pin="1"/>
      <node ref="C23" pin="1"/>
      <node ref="U13" pin="4"/>
    </net>
    <net code="51" name="/dg_cpl_1_io/IND_HDG">
      <node ref="C21" pin="1"/>
      <node ref="CR7" pin="1"/>
      <node ref="U12" pin="4"/>
      <node ref="U11" pin="3"/>
      <node ref="J1" pin="8"/>
    </net>
    <net code="52" name="/dg_cpl_1_io/DIG_HDG">
      <node ref="CR6" pin="1"/>
      <node ref="C13" pin="1"/>
      <node ref="U12" pin="3"/>
      <node ref="J1" pin="10"/>
    </net>
    <net code="53" name="/dg_cpl_1_io/IND_COM">
      <node ref="J1" pin="20"/>
      <node ref="CR5" pin="1"/>
      <node ref="U10" pin="4"/>
      <node ref="U9" pin="3"/>
      <node ref="C12" pin="1"/>
    </net>
    <net code="54" name="/dg_cpl_1_io/DIG_COM">
      <node ref="J1" pin="22"/>
      <node ref="U10" pin="3"/>
      <node ref="CR4" pin="1"/>
      <node ref="C7" pin="1"/>
    </net>
    <net code="55" name="/dg_cpl_1_io/RS_OUT">
      <node ref="U5" pin="3"/>
      <node ref="U8" pin="4"/>
      <node ref="J1" pin="11"/>
      <node ref="CR2" pin="1"/>
    </net>
    <net code="56" name="/dg_cpl_1_io/RS_IN_A">
      <node ref="CR3" pin="1"/>
      <node ref="U5" pin="4"/>
      <node ref="J1" pin="13"/>
    </net>
    <net code="57" name="/dg_cpl_1_io/SW_A_N">
      <node ref="Q3" pin="3"/>
      <node ref="U8" pin="2"/>
    </net>
    <net code="58" name="/dg_cpl_1_io/SW_A_NN">
      <node ref="Q4" pin="3"/>
      <node ref="U5" pin="2"/>
    </net>
    <net code="59" name="Net-(R45-Pad1)">
      <node ref="R45" pin="1"/>
      <node ref="U12" pin="1"/>
    </net>
    <net code="60" name="Net-(R46-Pad1)">
      <node ref="U13" pin="1"/>
      <node ref="R46" pin="1"/>
    </net>
    <net code="61" name="Net-(Q3-Pad1)">
      <node ref="R49" pin="1"/>
      <node ref="Q3" pin="1"/>
    </net>
    <net code="62" name="Net-(R41-Pad1)">
      <node ref="U8" pin="1"/>
      <node ref="R41" pin="1"/>
    </net>
    <net code="63" name="Net-(R40-Pad1)">
      <node ref="U5" pin="1"/>
      <node ref="R40" pin="1"/>
    </net>
    <net code="64" name="Net-(R42-Pad1)">
      <node ref="R42" pin="1"/>
      <node ref="U9" pin="1"/>
    </net>
    <net code="65" name="Net-(R43-Pad1)">
      <node ref="R43" pin="1"/>
      <node ref="U10" pin="1"/>
    </net>
    <net code="66" name="Net-(R44-Pad1)">
      <node ref="U11" pin="1"/>
      <node ref="R44" pin="1"/>
    </net>
    <net code="67" name="Net-(Q8-Pad1)">
      <node ref="Q8" pin="1"/>
      <node ref="R55" pin="1"/>
    </net>
    <net code="68" name="Net-(Q2-Pad1)">
      <node ref="Q2" pin="1"/>
      <node ref="R51" pin="2"/>
      <node ref="Q9" pin="3"/>
    </net>
    <net code="69" name="Net-(Q5-Pad1)">
      <node ref="Q5" pin="1"/>
      <node ref="R50" pin="1"/>
    </net>
    <net code="70" name="/dg_cpl_1_io/SW_A">
      <node ref="R47" pin="2"/>
      <node ref="R49" pin="2"/>
      <node ref="J1" pin="5"/>
      <node ref="C24" pin="1"/>
      <node ref="R50" pin="2"/>
      <node ref="CR10" pin="1"/>
    </net>
    <net code="71" name="Net-(Q4-Pad1)">
      <node ref="Q4" pin="1"/>
      <node ref="Q5" pin="3"/>
      <node ref="R48" pin="2"/>
    </net>
    <net code="72" name="Net-(Q9-Pad1)">
      <node ref="Q9" pin="1"/>
      <node ref="R56" pin="1"/>
    </net>
    <net code="73" name="/dg_cpl_1_io/SW_B_N">
      <node ref="Q6" pin="3"/>
      <node ref="U10" pin="2"/>
      <node ref="U12" pin="2"/>
      <node ref="U13" pin="2"/>
    </net>
    <net code="74" name="/dg_cpl_1_io/SW_B_NN">
      <node ref="U9" pin="2"/>
      <node ref="Q7" pin="3"/>
      <node ref="U11" pin="2"/>
    </net>
    <net code="75" name="Net-(Q6-Pad1)">
      <node ref="R54" pin="1"/>
      <node ref="Q6" pin="1"/>
    </net>
    <net code="76" name="Net-(Q7-Pad1)">
      <node ref="Q7" pin="1"/>
      <node ref="Q8" pin="3"/>
      <node ref="R53" pin="2"/>
    </net>
  </nets>
</export>
