Reference, Quantity, Value, Footprint, Datasheet
C10 ,1,10uF,,~
C11 ,1,22uF,,~
C15 C16 C17 C18 C24 C26 C25 C22 C23 C13 C21 C7 C12 ,13,390pF,,~
C19 C3 C20 C6 C8 ,5,0.047uF,,~
C2 C9 C14 ,3,1.0uF,,~
C4 C1 ,2,10nF,,~
C5 ,1,22nF,,~
CR1 CR2 CR3 CR16 ,4,SMAJ24CA,footprints2:SMAJ24CA,
CR10 CR12 CR11 CR8 CR9 CR6 CR7 CR4 CR5 CR13 CR14 CR15 ,12,SMAJ10A,footprints:SMAJ10A,
D1 D2 ,2,LL4148,Diode_SMD:D_MiniMELF,http://www.vishay.com/docs/85557/ll4148.pdf
J1 ,1,DB25P_RA_TE,dg_custom:DB25P_RA_TE,
Q1 Q2 Q3 Q4 Q6 Q7 Q8 Q9 Q5 ,9,MMBT4124,Package_TO_SOT_SMD:SOT-23,https://www.fairchildsemi.com/datasheets/2N/2N3904.pdf
R12 R18 ,2,33K,Resistor_SMD:R_0603_1608Metric_Pad1.05x0.95mm_HandSolder,~
R14 R1 R2 R3 R4 R19 R31 R49 R54 R55 R56 R50 ,12,10K,Resistor_SMD:R_0603_1608Metric_Pad1.05x0.95mm_HandSolder,~
R15 R8 R13 R28 ,4,1K,Resistor_SMD:R_0603_1608Metric_Pad1.05x0.95mm_HandSolder,~
R16 R40 R41 R42 R43 R44 R45 R46 ,8,1.5K,Resistor_SMD:R_0603_1608Metric_Pad1.05x0.95mm_HandSolder,~
R17 ,1,91K,Resistor_SMD:R_0603_1608Metric_Pad1.05x0.95mm_HandSolder,~
R20 ,1,2.2K,Resistor_SMD:R_0603_1608Metric_Pad1.05x0.95mm_HandSolder,~
R21 ,1,18K,Resistor_SMD:R_0603_1608Metric_Pad1.05x0.95mm_HandSolder,~
R24 R30 R52 ,3,3.3K,Resistor_SMD:R_0603_1608Metric_Pad1.05x0.95mm_HandSolder,~
R25 ,1,4.7K,Resistor_SMD:R_0603_1608Metric_Pad1.05x0.95mm_HandSolder,~
R29 ,1,2.7K,Resistor_SMD:R_0603_1608Metric_Pad1.05x0.95mm_HandSolder,~
R34 R35 R33 R32 ,4,75,Resistor_SMD:R_1206_3216Metric_Pad1.42x1.75mm_HandSolder,~
R36 R38 ,2,0,Resistor_SMD:R_0603_1608Metric_Pad1.05x0.95mm_HandSolder,~
R39 R37 ,2,DNI,Resistor_SMD:R_0603_1608Metric_Pad1.05x0.95mm_HandSolder,~
R5 ,1,12K,Resistor_SMD:R_0603_1608Metric_Pad1.05x0.95mm_HandSolder,~
R6 R10 R22 R23 R27 R26 R48 R53 ,8,20K,Resistor_SMD:R_0603_1608Metric_Pad1.05x0.95mm_HandSolder,~
R7 R47 R51 ,3,5.1K,Resistor_SMD:R_0603_1608Metric_Pad1.05x0.95mm_HandSolder,~
R9 R11 ,2,180K,Resistor_SMD:R_0603_1608Metric_Pad1.05x0.95mm_HandSolder,~
RV1 RV2 RV3 ,3,5K,Potentiometer_THT:Potentiometer_Bourns_3009P_Horizontal,~
U1 ,1,ADA4177-4,Package_SO:SOIC-14_3.9x8.7mm_P1.27mm,http://www.ti.com/lit/ds/symlink/lm2902-n.pdf
U2 ,1,4066,Package_SO:SOIC-14_3.9x8.7mm_P1.27mm,http://www.ti.com/lit/ds/symlink/cd4066b.pdf
U3 ,1,SE555D,Package_SO:SOIC-8_3.9x4.9mm_P1.27mm,http://www.ti.com/lit/ds/symlink/ne555.pdf
U4 ,1,ADA4177-2,Package_SO:SOIC-8_3.9x4.9mm_P1.27mm,http://www.ti.com/lit/ds/symlink/lm358.pdf
U5 U8 U9 U10 U11 U12 U13 ,7,CPC1019N,Package_SO:SOP-4_3.8x4.1mm_P2.54mm,http://www.ixysic.com/home/pdfs.nsf/www/CPC1017N.pdf/$file/CPC1017N.pdf
U6 ,1,LM7322,Package_SO:SOIC-8_3.9x4.9mm_P1.27mm,http://www.ti.com/lit/ds/symlink/lm358.pdf
U7 ,1,LT1963AEQ,Package_TO_SOT_SMD:TO-263-5_TabPin3,https://www.analog.com/media/en/technical-documentation/data-sheets/1963aff.pdf
